{
    "variants": {
        "facing=east,half=bottom,shape=straight":  [
			{ "model": "xmas_roof_straight_normal", "y": 90 },
			{ "model": "xmas_roof_straight_snow", "y": 90 },
			{ "model": "xmas_roof_straight_snow2", "y": 90 }],
        "facing=west,half=bottom,shape=straight":  [
			{ "model": "xmas_roof_straight_normal", "y": 270 },
			{ "model": "xmas_roof_straight_snow", "y": 270 },
			{ "model": "xmas_roof_straight_snow2", "y": 270 }],
        "facing=south,half=bottom,shape=straight": [
			{ "model": "xmas_roof_straight_normal", "y": 180 },
			{ "model": "xmas_roof_straight_snow", "y": 180 },
			{ "model": "xmas_roof_straight_snow2", "y": 180 }],
        "facing=north,half=bottom,shape=straight": [
			{ "model": "xmas_roof_straight_normal", "y": 0 },
			{ "model": "xmas_roof_straight_snow", "y": 0 },
			{ "model": "xmas_roof_straight_snow2", "y": 0 }],
		
        "facing=east,half=bottom,shape=outer_right":  { "model": "xmas_roof_corner_out", "y": 180 },
        "facing=west,half=bottom,shape=outer_right":  { "model": "xmas_roof_corner_out", "y": 0 },
        "facing=south,half=bottom,shape=outer_right": { "model": "xmas_roof_corner_out", "y": 270 },
        "facing=north,half=bottom,shape=outer_right": { "model": "xmas_roof_corner_out", "y": 90 },
        "facing=east,half=bottom,shape=outer_left":  { "model": "xmas_roof_corner_out", "y": 90 },
        "facing=west,half=bottom,shape=outer_left":  { "model": "xmas_roof_corner_out", "y": 270 },
        "facing=south,half=bottom,shape=outer_left": { "model": "xmas_roof_corner_out", "y": 180 },
        "facing=north,half=bottom,shape=outer_left": { "model": "xmas_roof_corner_out", "y": 0 },
		
        "facing=east,half=bottom,shape=inner_right":  { "model": "xmas_roof_corner_in", "y": 90 },
        "facing=west,half=bottom,shape=inner_right":  { "model": "xmas_roof_corner_in", "y": 270 },
        "facing=south,half=bottom,shape=inner_right": { "model": "xmas_roof_corner_in", "y": 180 },
        "facing=north,half=bottom,shape=inner_right": { "model": "xmas_roof_corner_in", "y": 0 },
        "facing=east,half=bottom,shape=inner_left":  { "model": "xmas_roof_corner_in", "y": 0 },
        "facing=west,half=bottom,shape=inner_left":  { "model": "xmas_roof_corner_in", "y": 180 },
        "facing=south,half=bottom,shape=inner_left": { "model": "xmas_roof_corner_in", "y": 90 },
        "facing=north,half=bottom,shape=inner_left": { "model": "xmas_roof_corner_in", "y": 270 },
		
        "facing=east,half=top,shape=straight":  { "model": "xmas_roof_straight2", "y": 90 },
        "facing=west,half=top,shape=straight":  { "model": "xmas_roof_straight2", "y": 270 },
        "facing=south,half=top,shape=straight": { "model": "xmas_roof_straight2", "y": 180 },
        "facing=north,half=top,shape=straight": { "model": "xmas_roof_straight2", "y": 0 },
		
        "facing=east,half=top,shape=outer_right":  { "model": "xmas_roof_corner_out2", "y": 0, "uvlock": true  },
        "facing=west,half=top,shape=outer_right":  { "model": "xmas_roof_corner_out2", "y": 180, "uvlock": true  },
        "facing=south,half=top,shape=outer_right": { "model": "xmas_roof_corner_out2", "y": 90, "uvlock": true  },
        "facing=north,half=top,shape=outer_right": { "model": "xmas_roof_corner_out2", "y": 270, "uvlock": true  },
        "facing=east,half=top,shape=outer_left":  { "model": "xmas_roof_corner_out2", "y": 270, "uvlock": true },
        "facing=west,half=top,shape=outer_left":  { "model": "xmas_roof_corner_out2", "y": 90, "uvlock": true  },
        "facing=south,half=top,shape=outer_left": { "model": "xmas_roof_corner_out2", "y": 0, "uvlock": true  },
        "facing=north,half=top,shape=outer_left": { "model": "xmas_roof_corner_out2", "y": 180, "uvlock": true  },
		
        "facing=east,half=top,shape=inner_right":  { "model": "xmas_roof_corner_in2", "y": 90 },
        "facing=west,half=top,shape=inner_right":  { "model": "xmas_roof_corner_in2", "y": 270 },
        "facing=south,half=top,shape=inner_right": { "model": "xmas_roof_corner_in2", "y": 180 },
        "facing=north,half=top,shape=inner_right": { "model": "xmas_roof_corner_in2", "y": 0},
        "facing=east,half=top,shape=inner_left":  { "model": "xmas_roof_corner_in2", "y": 0 },
        "facing=west,half=top,shape=inner_left":  { "model": "xmas_roof_corner_in2", "y": 180 },
        "facing=south,half=top,shape=inner_left": { "model": "xmas_roof_corner_in2", "y": 90 },
        "facing=north,half=top,shape=inner_left": { "model": "xmas_roof_corner_in2", "y":270 }
    }
}
