{
    "variants": {
        "contents=empty":            { "model": "flower_pot" },

        "contents=rose":             [
						{ "model": "flower_pot_rose" },
						{ "model": "flower_pot_rose", "y": 90 },
						{ "model": "flower_pot_rose", "y": 180 },
						{ "model": "flower_pot_rose", "y": 270 }
						],
        "contents=blue_orchid":      [
						{ "model": "flower_pot_orchid" },
						{ "model": "flower_pot_orchid", "y": 90 },
						{ "model": "flower_pot_orchid", "y": 180 },
						{ "model": "flower_pot_orchid", "y": 270 }
						],
        "contents=allium":           [
						{ "model": "flower_pot_allium" },
						{ "model": "flower_pot_allium", "y": 90 },
						{ "model": "flower_pot_allium", "y": 180 },
						{ "model": "flower_pot_allium", "y": 270 }
						],
        "contents=houstonia":        [
						{ "model": "flower_pot_houstonia" },
						{ "model": "flower_pot_houstonia", "y": 90 },
						{ "model": "flower_pot_houstonia", "y": 180 },
						{ "model": "flower_pot_houstonia", "y": 270 }
						],
        "contents=red_tulip":        [
						{ "model": "flower_pot_tulip_red" },
						{ "model": "flower_pot_tulip_red", "y": 90 },
						{ "model": "flower_pot_tulip_red", "y": 180 },
						{ "model": "flower_pot_tulip_red", "y": 270 }
						],
        "contents=orange_tulip":     [
						{ "model": "flower_pot_tulip_orange" },
						{ "model": "flower_pot_tulip_orange", "y": 90 },
						{ "model": "flower_pot_tulip_orange", "y": 180 },
						{ "model": "flower_pot_tulip_orange", "y": 270 }
						],
        "contents=white_tulip":      [
						{ "model": "flower_pot_tulip_white" },
						{ "model": "flower_pot_tulip_white", "y": 90 },
						{ "model": "flower_pot_tulip_white", "y": 180 },
						{ "model": "flower_pot_tulip_white", "y": 270 }
						],
        "contents=pink_tulip":       [
						{ "model": "flower_pot_tulip_pink" },
						{ "model": "flower_pot_tulip_pink", "y": 90 },
						{ "model": "flower_pot_tulip_pink", "y": 180 },
						{ "model": "flower_pot_tulip_pink", "y": 270 }
						],
        "contents=oxeye_daisy":      [
						{ "model": "flower_pot_daisy" },
						{ "model": "flower_pot_daisy", "y": 90 },
						{ "model": "flower_pot_daisy", "y": 180 },
						{ "model": "flower_pot_daisy", "y": 270 }
						],
        "contents=dandelion":        [
						{ "model": "flower_pot_dandelion" },
						{ "model": "flower_pot_dandelion", "y": 90 },
						{ "model": "flower_pot_dandelion", "y": 180 },
						{ "model": "flower_pot_dandelion", "y": 270 }
						],
        "contents=oak_sapling":      [
						{ "model": "flower_pot_oak" },
						{ "model": "flower_pot_oak", "y": 90 },
						{ "model": "flower_pot_oak", "y": 180 },
						{ "model": "flower_pot_oak", "y": 270 }
						],
        "contents=spruce_sapling":   [
						{ "model": "flower_pot_spruce" },
						{ "model": "flower_pot_spruce", "y": 90 },
						{ "model": "flower_pot_spruce", "y": 180 },
						{ "model": "flower_pot_spruce", "y": 270 }
						],
        "contents=birch_sapling":    [
						{ "model": "flower_pot_birch" },
						{ "model": "flower_pot_birch", "y": 90 },
						{ "model": "flower_pot_birch", "y": 180 },
						{ "model": "flower_pot_birch", "y": 270 }
						],
        "contents=jungle_sapling":   [
						{ "model": "flower_pot_jungle" },
						{ "model": "flower_pot_jungle", "y": 90 },
						{ "model": "flower_pot_jungle", "y": 180 },
						{ "model": "flower_pot_jungle", "y": 270 }
						],
        "contents=acacia_sapling":   [
						{ "model": "flower_pot_acacia" },
						{ "model": "flower_pot_acacia", "y": 90 },
						{ "model": "flower_pot_acacia", "y": 180 },
						{ "model": "flower_pot_acacia", "y": 270 }
						],
        "contents=dark_oak_sapling": [
						{ "model": "flower_pot_dark_oak" },
						{ "model": "flower_pot_dark_oak", "y": 90 },
						{ "model": "flower_pot_dark_oak", "y": 180 },
						{ "model": "flower_pot_dark_oak", "y": 270 }
						],
        "contents=mushroom_red":     [
						{ "model": "flower_pot_mushroom_red" },
						{ "model": "flower_pot_mushroom_red", "y": 90 },
						{ "model": "flower_pot_mushroom_red", "y": 180 },
						{ "model": "flower_pot_mushroom_red", "y": 270 }
						],
        "contents=mushroom_brown":   [
						{ "model": "flower_pot_mushroom_brown" },
						{ "model": "flower_pot_mushroom_brown", "y": 90 },
						{ "model": "flower_pot_mushroom_brown", "y": 180 },
						{ "model": "flower_pot_mushroom_brown", "y": 270 }
						],
        "contents=dead_bush":        [
						{ "model": "flower_pot_dead_bush" },
						{ "model": "flower_pot_dead_bush", "y": 90 },
						{ "model": "flower_pot_dead_bush", "y": 180 },
						{ "model": "flower_pot_dead_bush", "y": 270 }
						],
        "contents=fern":             [
						{ "model": "flower_pot_fern" },
						{ "model": "flower_pot_fern", "y": 90 },
						{ "model": "flower_pot_fern", "y": 180 },
						{ "model": "flower_pot_fern", "y": 270 }
						],
        "contents=cactus":           [
						{ "model": "flower_pot_cactus" },
						{ "model": "flower_pot_cactus", "y": 90 },
						{ "model": "flower_pot_cactus", "y": 180 },
						{ "model": "flower_pot_cactus", "y": 270 }
						]
    }
}
