{
    "variants": {
        "facing=east,half=bottom,shape=straight":  { "model": "xmas_f_chair", "y": 90 },
        "facing=west,half=bottom,shape=straight":  { "model": "xmas_f_chair", "y": 270 },
        "facing=south,half=bottom,shape=straight": { "model": "xmas_f_chair", "y": 180 },
        "facing=north,half=bottom,shape=straight": { "model": "xmas_f_chair" },
		
        "facing=east,half=bottom,shape=outer_right":  { "model": "xmas_f_table0" },
        "facing=west,half=bottom,shape=outer_right":  { "model": "xmas_f_table2" },
        "facing=south,half=bottom,shape=outer_right": { "model": "xmas_f_table1" },
        "facing=north,half=bottom,shape=outer_right": { "model": "xmas_f_table3" },
		
        "facing=east,half=bottom,shape=outer_left":  { "model": "xmas_f_table3" },
        "facing=west,half=bottom,shape=outer_left":  { "model": "xmas_f_table1" },
        "facing=south,half=bottom,shape=outer_left": { "model": "xmas_f_table0" },
        "facing=north,half=bottom,shape=outer_left": { "model": "xmas_f_table2" },
		
        "facing=east,half=bottom,shape=inner_right":  [
			{ "model": "xmas_jaccuzzi0", "weight": 20, "y": 90 },
			{ "model": "xmas_jaccuzzi1", "weight": 80, "y": 90 }],
        "facing=west,half=bottom,shape=inner_right":  [
			{ "model": "xmas_jaccuzzi0", "weight": 20, "y": 270 },
			{ "model": "xmas_jaccuzzi1", "weight": 80, "y": 270 }],
        "facing=south,half=bottom,shape=inner_right": [
			{ "model": "xmas_jaccuzzi0", "weight": 20, "y": 180 },
			{ "model": "xmas_jaccuzzi1", "weight": 80, "y": 180 }],
        "facing=north,half=bottom,shape=inner_right": [
			{ "model": "xmas_jaccuzzi0", "weight": 20, "y": 0 },
			{ "model": "xmas_jaccuzzi1", "weight": 80, "y": 0 }],
		
        "facing=east,half=bottom,shape=inner_left":  [
			{ "model": "xmas_jaccuzzi0", "weight": 20, "y": 0 },
			{ "model": "xmas_jaccuzzi1", "weight": 80, "y": 0 }],
        "facing=west,half=bottom,shape=inner_left":  [
			{ "model": "xmas_jaccuzzi0", "weight": 20, "y": 180 },
			{ "model": "xmas_jaccuzzi1", "weight": 80, "y": 180 }],
        "facing=south,half=bottom,shape=inner_left": [
			{ "model": "xmas_jaccuzzi0", "weight": 20, "y": 90 },
			{ "model": "xmas_jaccuzzi1", "weight": 80, "y": 90 }],
        "facing=north,half=bottom,shape=inner_left": [
			{ "model": "xmas_jaccuzzi0", "weight": 20, "y": 270 },
			{ "model": "xmas_jaccuzzi1", "weight": 80, "y": 270 }],
		
        "facing=east,half=top,shape=straight":  [
			{ "model": "xmas_screen_crt_anim1", "y": 90 },
			{ "model": "xmas_screen_crt_anim2", "y": 90 },
			{ "model": "xmas_screen_crt_anim3", "y": 90 },
			{ "model": "xmas_screen_lcd_anim1", "y": 90 },
			{ "model": "xmas_screen_lcd_anim2", "y": 90 },
			{ "model": "xmas_screen_lcd_anim3", "y": 90 },
			{ "model": "xmas_screen_laptop_anim1", "y": 90 },
			{ "model": "xmas_screen_laptop_anim2", "y": 90 },
			{ "model": "xmas_screen_laptop_anim3", "y": 90 }],
        "facing=west,half=top,shape=straight":  [
			{ "model": "xmas_screen_crt_anim1", "y": 270 },
			{ "model": "xmas_screen_crt_anim2", "y": 270 },
			{ "model": "xmas_screen_crt_anim3", "y": 270 },
			{ "model": "xmas_screen_lcd_anim1", "y": 270 },
			{ "model": "xmas_screen_lcd_anim2", "y": 270 },
			{ "model": "xmas_screen_lcd_anim3", "y": 270 },
			{ "model": "xmas_screen_laptop_anim1", "y": 270 },
			{ "model": "xmas_screen_laptop_anim2", "y": 270 },
			{ "model": "xmas_screen_laptop_anim3", "y": 270 }],
        "facing=south,half=top,shape=straight": [
			{ "model": "xmas_screen_crt_anim1", "y": 180 },
			{ "model": "xmas_screen_crt_anim2", "y": 180 },
			{ "model": "xmas_screen_crt_anim3", "y": 180 },
			{ "model": "xmas_screen_lcd_anim1", "y": 180 },
			{ "model": "xmas_screen_lcd_anim2", "y": 180 },
			{ "model": "xmas_screen_lcd_anim3", "y": 180 },
			{ "model": "xmas_screen_laptop_anim1", "y": 180 },
			{ "model": "xmas_screen_laptop_anim2", "y": 180 },
			{ "model": "xmas_screen_laptop_anim3", "y": 180 }],
        "facing=north,half=top,shape=straight": [
			{ "model": "xmas_screen_crt_anim1" },
			{ "model": "xmas_screen_crt_anim2" },
			{ "model": "xmas_screen_crt_anim3" },
			{ "model": "xmas_screen_lcd_anim1" },
			{ "model": "xmas_screen_lcd_anim2" },
			{ "model": "xmas_screen_lcd_anim3" },
			{ "model": "xmas_screen_laptop_anim1" },
			{ "model": "xmas_screen_laptop_anim2" },
			{ "model": "xmas_screen_laptop_anim3" }],
		
        "facing=east,half=top,shape=outer_right":  [
			{ "model": "xmas_tech_misc1", "weight": 10 },
			{ "model": "xmas_tech_misc1", "weight": 10, "y": 90 },
			{ "model": "xmas_tech_misc1", "weight": 10, "y": 180 },
			{ "model": "xmas_tech_misc1", "weight": 10, "y": 270 },
			{ "model": "xmas_tech_frame1", "weight": 10, "y": 0 },
			{ "model": "xmas_tech_frame2", "weight": 10, "y": 0 },
			{ "model": "xmas_tech_frame3", "weight": 10, "y": 0 },
			{ "model": "xmas_tech_frame4", "weight": 10, "y": 0 },
			{ "model": "xmas_tech_chess", "weight": 40 }],
        "facing=west,half=top,shape=outer_right":  [
			{ "model": "xmas_tech_misc1", "weight": 10 },
			{ "model": "xmas_tech_misc1", "weight": 10, "y": 90 },
			{ "model": "xmas_tech_misc1", "weight": 10, "y": 180 },
			{ "model": "xmas_tech_misc1", "weight": 10, "y": 270 },
			{ "model": "xmas_tech_frame1", "weight": 10, "y": 180 },
			{ "model": "xmas_tech_frame2", "weight": 10, "y": 180 },
			{ "model": "xmas_tech_frame3", "weight": 10, "y": 180 },
			{ "model": "xmas_tech_frame4", "weight": 10, "y": 180 },
			{ "model": "xmas_tech_chess", "weight": 40 }],
        "facing=south,half=top,shape=outer_right":  [
			{ "model": "xmas_tech_misc1", "weight": 10 },
			{ "model": "xmas_tech_misc1", "weight": 10, "y": 90 },
			{ "model": "xmas_tech_misc1", "weight": 10, "y": 180 },
			{ "model": "xmas_tech_misc1", "weight": 10, "y": 270 },
			{ "model": "xmas_tech_frame1", "weight": 10, "y": 90 },
			{ "model": "xmas_tech_frame2", "weight": 10, "y": 90 },
			{ "model": "xmas_tech_frame3", "weight": 10, "y": 90 },
			{ "model": "xmas_tech_frame4", "weight": 10, "y": 90 },
			{ "model": "xmas_tech_chess", "weight": 40 }],
        "facing=north,half=top,shape=outer_right":  [
			{ "model": "xmas_tech_misc1", "weight": 10 },
			{ "model": "xmas_tech_misc1", "weight": 10, "y": 90 },
			{ "model": "xmas_tech_misc1", "weight": 10, "y": 180 },
			{ "model": "xmas_tech_misc1", "weight": 10, "y": 270 },
			{ "model": "xmas_tech_frame1", "weight": 10, "y": 270 },
			{ "model": "xmas_tech_frame2", "weight": 10, "y": 270 },
			{ "model": "xmas_tech_frame3", "weight": 10, "y": 270 },
			{ "model": "xmas_tech_frame4", "weight": 10, "y": 270 },
			{ "model": "xmas_tech_chess", "weight": 40 }],
		
        "facing=east,half=top,shape=outer_left":  [
			{ "model": "xmas_tech_misc1", "weight": 10 },
			{ "model": "xmas_tech_misc1", "weight": 10, "y": 90 },
			{ "model": "xmas_tech_misc1", "weight": 10, "y": 180 },
			{ "model": "xmas_tech_misc1", "weight": 10, "y": 270 },
			{ "model": "xmas_tech_frame1", "weight": 10, "y": 0 },
			{ "model": "xmas_tech_frame2", "weight": 10, "y": 0 },
			{ "model": "xmas_tech_frame3", "weight": 10, "y": 0 },
			{ "model": "xmas_tech_frame4", "weight": 10, "y": 0 },
			{ "model": "xmas_tech_chess", "weight": 40 }],
        "facing=west,half=top,shape=outer_left":  [
			{ "model": "xmas_tech_misc1", "weight": 10 },
			{ "model": "xmas_tech_misc1", "weight": 10, "y": 90 },
			{ "model": "xmas_tech_misc1", "weight": 10, "y": 180 },
			{ "model": "xmas_tech_misc1", "weight": 10, "y": 270 },
			{ "model": "xmas_tech_frame1", "weight": 10, "y": 180 },
			{ "model": "xmas_tech_frame2", "weight": 10, "y": 180 },
			{ "model": "xmas_tech_frame3", "weight": 10, "y": 180 },
			{ "model": "xmas_tech_frame4", "weight": 10, "y": 180 },
			{ "model": "xmas_tech_chess", "weight": 40 }],
        "facing=south,half=top,shape=outer_left":  [
			{ "model": "xmas_tech_misc1", "weight": 10 },
			{ "model": "xmas_tech_misc1", "weight": 10, "y": 90 },
			{ "model": "xmas_tech_misc1", "weight": 10, "y": 180 },
			{ "model": "xmas_tech_misc1", "weight": 10, "y": 270 },
			{ "model": "xmas_tech_frame1", "weight": 10, "y": 90 },
			{ "model": "xmas_tech_frame2", "weight": 10, "y": 90 },
			{ "model": "xmas_tech_frame3", "weight": 10, "y": 90 },
			{ "model": "xmas_tech_frame4", "weight": 10, "y": 90 },
			{ "model": "xmas_tech_chess", "weight": 40 }],
        "facing=north,half=top,shape=outer_left":  [
			{ "model": "xmas_tech_misc1", "weight": 10 },
			{ "model": "xmas_tech_misc1", "weight": 10, "y": 90 },
			{ "model": "xmas_tech_misc1", "weight": 10, "y": 180 },
			{ "model": "xmas_tech_misc1", "weight": 10, "y": 270 },
			{ "model": "xmas_tech_frame1", "weight": 10, "y": 270 },
			{ "model": "xmas_tech_frame2", "weight": 10, "y": 270 },
			{ "model": "xmas_tech_frame3", "weight": 10, "y": 270 },
			{ "model": "xmas_tech_frame4", "weight": 10, "y": 270 },
			{ "model": "xmas_tech_chess", "weight": 40 }],
		
        "facing=east,half=top,shape=inner_right":  [
			{ "model": "xmas_tech_misc1", "weight": 10 },
			{ "model": "xmas_tech_misc1", "weight": 10, "y": 90 },
			{ "model": "xmas_tech_misc1", "weight": 10, "y": 180 },
			{ "model": "xmas_tech_misc1", "weight": 10, "y": 270 },
			{ "model": "xmas_tech_frame1", "weight": 10, "y": 0 },
			{ "model": "xmas_tech_frame2", "weight": 10, "y": 0 },
			{ "model": "xmas_tech_frame3", "weight": 10, "y": 0 },
			{ "model": "xmas_tech_frame4", "weight": 10, "y": 0 },
			{ "model": "xmas_tech_chess", "weight": 40 }],
        "facing=west,half=top,shape=inner_right":  [
			{ "model": "xmas_tech_misc1", "weight": 10 },
			{ "model": "xmas_tech_misc1", "weight": 10, "y": 90 },
			{ "model": "xmas_tech_misc1", "weight": 10, "y": 180 },
			{ "model": "xmas_tech_misc1", "weight": 10, "y": 270 },
			{ "model": "xmas_tech_frame1", "weight": 10, "y": 0 },
			{ "model": "xmas_tech_frame2", "weight": 10, "y": 0 },
			{ "model": "xmas_tech_frame3", "weight": 10, "y": 0 },
			{ "model": "xmas_tech_frame4", "weight": 10, "y": 0 },
			{ "model": "xmas_tech_chess", "weight": 40 }],
        "facing=south,half=top,shape=inner_right":  [
			{ "model": "xmas_tech_misc1", "weight": 10 },
			{ "model": "xmas_tech_misc1", "weight": 10, "y": 90 },
			{ "model": "xmas_tech_misc1", "weight": 10, "y": 180 },
			{ "model": "xmas_tech_misc1", "weight": 10, "y": 270 },
			{ "model": "xmas_tech_frame1", "weight": 10, "y": 0 },
			{ "model": "xmas_tech_frame2", "weight": 10, "y": 0 },
			{ "model": "xmas_tech_frame3", "weight": 10, "y": 0 },
			{ "model": "xmas_tech_frame4", "weight": 10, "y": 0 },
			{ "model": "xmas_tech_chess", "weight": 40 }],
        "facing=north,half=top,shape=inner_right":  [
			{ "model": "xmas_tech_misc1", "weight": 10 },
			{ "model": "xmas_tech_misc1", "weight": 10, "y": 90 },
			{ "model": "xmas_tech_misc1", "weight": 10, "y": 180 },
			{ "model": "xmas_tech_misc1", "weight": 10, "y": 270 },
			{ "model": "xmas_tech_frame1", "weight": 10, "y": 0 },
			{ "model": "xmas_tech_frame2", "weight": 10, "y": 0 },
			{ "model": "xmas_tech_frame3", "weight": 10, "y": 0 },
			{ "model": "xmas_tech_frame4", "weight": 10, "y": 0 },
			{ "model": "xmas_tech_chess", "weight": 40 }],
		
        "facing=east,half=top,shape=inner_left":  [
			{ "model": "xmas_tech_misc1", "weight": 10 },
			{ "model": "xmas_tech_misc1", "weight": 10, "y": 90 },
			{ "model": "xmas_tech_misc1", "weight": 10, "y": 180 },
			{ "model": "xmas_tech_misc1", "weight": 10, "y": 270 },
			{ "model": "xmas_tech_frame1", "weight": 10, "y": 0 },
			{ "model": "xmas_tech_frame2", "weight": 10, "y": 0 },
			{ "model": "xmas_tech_frame3", "weight": 10, "y": 0 },
			{ "model": "xmas_tech_frame4", "weight": 10, "y": 0 },
			{ "model": "xmas_tech_chess", "weight": 40 }],
        "facing=west,half=top,shape=inner_left":  [
			{ "model": "xmas_tech_misc1", "weight": 10 },
			{ "model": "xmas_tech_misc1", "weight": 10, "y": 90 },
			{ "model": "xmas_tech_misc1", "weight": 10, "y": 180 },
			{ "model": "xmas_tech_misc1", "weight": 10, "y": 270 },
			{ "model": "xmas_tech_frame1", "weight": 10, "y": 0 },
			{ "model": "xmas_tech_frame2", "weight": 10, "y": 0 },
			{ "model": "xmas_tech_frame3", "weight": 10, "y": 0 },
			{ "model": "xmas_tech_frame4", "weight": 10, "y": 0 },
			{ "model": "xmas_tech_chess", "weight": 40 }],
        "facing=south,half=top,shape=inner_left":  [
			{ "model": "xmas_tech_misc1", "weight": 10 },
			{ "model": "xmas_tech_misc1", "weight": 10, "y": 90 },
			{ "model": "xmas_tech_misc1", "weight": 10, "y": 180 },
			{ "model": "xmas_tech_misc1", "weight": 10, "y": 270 },
			{ "model": "xmas_tech_frame1", "weight": 10, "y": 0 },
			{ "model": "xmas_tech_frame2", "weight": 10, "y": 0 },
			{ "model": "xmas_tech_frame3", "weight": 10, "y": 0 },
			{ "model": "xmas_tech_frame4", "weight": 10, "y": 0 },
			{ "model": "xmas_tech_chess", "weight": 40 }],
        "facing=north,half=top,shape=inner_left":  [
			{ "model": "xmas_tech_misc1", "weight": 10 },
			{ "model": "xmas_tech_misc1", "weight": 10, "y": 90 },
			{ "model": "xmas_tech_misc1", "weight": 10, "y": 180 },
			{ "model": "xmas_tech_misc1", "weight": 10, "y": 270 },
			{ "model": "xmas_tech_frame1", "weight": 10, "y": 0 },
			{ "model": "xmas_tech_frame2", "weight": 10, "y": 0 },
			{ "model": "xmas_tech_frame3", "weight": 10, "y": 0 },
			{ "model": "xmas_tech_frame4", "weight": 10, "y": 0 },
			{ "model": "xmas_tech_chess", "weight": 40 }]
    }
}
