{
"textures": {
    "particle": "#side",
    "cap": "#cap",
    "side": "#side"
},
"elements": [ 
{
    "__comment": "top bar",
    "from": [ 7, 12, 0 ],
    "to": [ 9, 15, 9 ],
    "faces": {
        "down":  { "uv": [ 7, 0, 9, 9 ], "texture": "#cap" },
        "up":    { "uv": [ 7, 0, 9, 9 ], "texture": "#cap" },
        "north": { "uv": [ 7, 1, 9, 4 ], "texture": "#side", "cullface": "north" },
        "west":  { "uv": [ 0, 1, 9, 4 ], "texture": "#side" },
        "east":  { "uv": [ 9, 1, 0, 4 ], "texture": "#side" }
    }
},
{
    "__comment": "lower bar",
    "from": [ 7, 6, 0 ],
    "to": [ 9, 9, 9 ],
    "faces": {
        "down":  { "uv": [ 7, 0, 9, 9 ], "texture": "#cap" },
        "up":    { "uv": [ 7, 0, 9, 9 ], "texture": "#cap" },
        "north": { "uv": [ 7, 7, 9, 10 ], "texture": "#side", "cullface": "north" },
        "west":  { "uv": [ 0, 7, 9, 10 ], "texture": "#side" },
        "east":  { "uv": [ 9, 7, 0, 10 ], "texture": "#side" }
    }
}
]
}