{
"__comment": "Designed by Sphax with Cubik for PureBDcraft",
"parent": "block/block",
"display": {
	"gui": {
		"rotation": [ 30, 135, 0 ],
		"translation": [ 0, 0, 0],
		"scale":[ 0.625, 0.625, 0.625 ]
	},
	"fixed": {
		"rotation": [ 0, 90, 0 ],
		"translation": [ 0, 0, 0],
		"scale":[ 0.5, 0.5, 0.5 ]
	}
},
"ambientocclusion": false,
"textures": {
    "particle": "#side",
    "side": "#side",
    "top": "#top"
},
"elements": [ 
{
    "from": [ 6, 0, 0 ],
    "to": [ 10, 16, 4 ],
    "__comment": "Left post",
    "faces": {
        "down":  { "uv": [ 7.5, 10, 10, 7.5 ], "texture": "#top", "cullface": "down" },
        "up":    { "uv": [ 6, 6, 10, 10 ], "texture": "#top" },
        "north": { "uv": [ 6, 0, 10, 16 ], "texture": "#side" },
        "south": { "uv": [ 6, 0, 10, 16 ], "texture": "#side" },
        "west":  { "uv": [ 6, 0, 10, 16 ], "texture": "#side" },
        "east":  { "uv": [ 6, 0, 10, 16 ], "texture": "#side" }
    }
},
{
    "from": [ 6, 0, 12 ],
    "to": [ 10, 16, 16 ],
    "__comment": "Right post",
    "faces": {
        "down":  { "uv": [ 7.5, 10, 10, 7.5 ], "texture": "#top", "cullface": "down" },
        "up":    { "uv": [ 6, 6, 10, 10 ], "texture": "#top" },
        "north": { "uv": [ 6, 0, 10, 16 ], "texture": "#side" },
        "south": { "uv": [ 6, 0, 10, 16 ], "texture": "#side" },
        "west":  { "uv": [ 6, 0, 10, 16 ], "texture": "#side" },
        "east":  { "uv": [ 6, 0, 10, 16 ], "texture": "#side" }
    }
},
{
    "from": [ 7, 13, -2 ],
    "to": [ 9, 15, 18 ],
    "__comment": "Top bar",
    "faces": {
        "down":  { "uv": [ 7, 0.5, 9, 3.5 ], "texture": "#top" },
        "up":    { "uv": [ 7, 0.5, 9, 3.5 ], "texture": "#top" },
        "north": { "uv": [ 6, 6, 10, 10 ], "texture": "#top" },
        "south": { "uv": [ 6, 6, 10, 10 ], "texture": "#top" },
        "west":  { "uv": [ 0, 1, 3, 4 ], "texture": "#side" },
        "east":  { "uv": [ 0, 1, 3, 4 ], "texture": "#side" }
    }
},
{
    "from": [ 7, 5, -2 ],
    "to": [ 9, 7, 18 ],
    "__comment": "Lower bar",
    "faces": {
        "down":  { "uv": [ 7, 0.5, 9, 4 ], "texture": "#top" },
        "up":    { "uv": [ 7, 0.5, 9, 4 ], "texture": "#top" },
        "north": { "uv": [ 6, 6, 10, 10 ], "texture": "#top" },
        "south": { "uv": [ 6, 6, 10, 10 ], "texture": "#top" },
        "west":  { "uv": [ 0, 7, 3, 10 ], "texture": "#side" },
        "east":  { "uv": [ 0, 7, 3, 10 ], "texture": "#side" }
    }
}
]
}