{
"textures": {
    "particle": "blocks/glass",
    "edge": "blocks/glass_pane_top"
},
"elements": [ 
{
    "from": [ 7, 0, 7 ],
    "to": [ 9, 16, 9 ],
    "shade": false,
    "faces": {
        "down":  { "uv": [ 7, 13.5, 9, 16 ], "texture": "#edge" },
        "up":    { "uv": [ 7, 0, 9, 2.5 ], "texture": "#edge" },
        "north": { "uv": [ 7, 0, 9, 16 ], "texture": "#edge" },
        "south": { "uv": [ 7, 0, 9, 16 ], "texture": "#edge" },
        "west":  { "uv": [ 7, 0, 9, 16 ], "texture": "#edge" },
        "east":  { "uv": [ 7, 0, 9, 16 ], "texture": "#edge" }
    }
}
]
}