{
"textures": {
    "top": "blocks/glass_pane_top",
    "pane": "blocks/glass"
},
"elements": [ 
{
    "from": [ 7, 0, 7 ],
    "to": [ 9, 16, 9.5 ],
    "shade": false,
    "faces": {
        "down":  { "uv": [ 9, 16, 7, 13.5 ], "rotation": 180, "texture": "#top" },
        "up":    { "uv": [ 9, 0, 7, 2.5 ], "rotation": 180, "texture": "#top" },
        "south": { "uv": [ 7, 0, 9, 16 ], "texture": "#top" },
        "west":  { "uv": [ 13.5, 0, 16, 16 ], "texture": "#pane" },
        "east":  { "uv": [ 0, 0, 2.5, 16 ], "texture": "#pane" }
    }
}
]
}