{
"textures": {
    "particle": "blocks/iron_bars",
    "bars": "blocks/iron_bars"
},
"elements": [ 
{
    "from": [ 7.25, 0, 7.25 ],
    "to": [ 8.75, 16, 8.75 ],
    "faces": {
        "down":  { "uv": [ 0, 0, 2, 2 ], "texture": "#bars" },
        "up":    { "uv": [ 0, 0, 2, 2 ], "texture": "#bars" },
        "north": { "uv": [ 7, 0, 9, 16 ], "texture": "#bars" },
        "south": { "uv": [ 7, 0, 9, 16 ], "texture": "#bars" },
        "west":  { "uv": [ 7, 0, 9, 16 ], "texture": "#bars" },
        "east":  { "uv": [ 7, 0, 9, 16 ], "texture": "#bars" }
    }
},
{
    "from": [ 12.25, 0, 7.25 ],
    "to": [ 13.75, 16, 8.75 ],
    "faces": {
        "down":  { "uv": [ 0, 0, 2, 2 ], "texture": "#bars" },
        "up":    { "uv": [ 0, 0, 2, 2 ], "texture": "#bars" },
        "north": { "uv": [ 7, 0, 9, 16 ], "texture": "#bars" },
        "south": { "uv": [ 7, 0, 9, 16 ], "texture": "#bars" },
        "west":  { "uv": [ 7, 0, 9, 16 ], "texture": "#bars" },
        "east":  { "uv": [ 7, 0, 9, 16 ], "texture": "#bars" }
    }
},
{
    "from": [ 9, 7, 7 ],
    "to": [ 16, 9, 9 ],
    "faces": {
        "down":  { "uv": [ 0, 9, 7, 7 ], "rotation": 180, "texture": "#bars" },
        "up":    { "uv": [ 7, 7, 0, 9 ], "texture": "#bars" },
        "north": { "uv": [ 16, 7, 9, 9 ], "texture": "#bars" },
        "south": { "uv": [ 7, 7, 0, 9 ], "texture": "#bars" },
        "east":  { "uv": [ 9, 7, 7, 9 ], "texture": "#bars" }
    }
},
{
    "from": [ 7, 7, 7 ],
    "to": [ 9, 9, 9 ],
    "faces": {
        "down":  { "uv": [ 9, 7, 7, 9 ], "texture": "#bars" },
        "up":    { "uv": [ 9, 7, 7, 9 ], "texture": "#bars" },
        "north": { "uv": [ 9, 7, 7, 9 ], "texture": "#bars" },
        "south": { "uv": [ 9, 7, 7, 9 ], "texture": "#bars" },
        "west":  { "uv": [ 9, 7, 7, 9 ], "texture": "#bars" }
    }
}
]
}