{
"__comment": "Designed by Sphax with Cubik for PureBDcraft - http://bdcraft.net",
"parent": "block/block",
"textures": {
    "noteblock": "blocks/noteblock",
    "jukebox_top": "blocks/jukebox_top",
    "bottom": "blocks/planks_spruce",
    "particle": "blocks/jukebox_top"
},
"elements": [ 
{
    "from": [ 0, 13.5, 0 ],
    "to": [ 2, 16, 16 ],
    "faces": {
        "down":  { "uv": [ 0, 16, 2, 0 ], "texture": "#noteblock" },
        "up":    { "uv": [ 0, 0, 2, 16 ], "texture": "#jukebox_top", "cullface": "up" },
        "north": { "uv": [ 2, 0, 0, 2.5 ], "texture": "#noteblock", "cullface": "north" },
        "south": { "uv": [ 0, 0, 2, 2.5 ], "texture": "#noteblock", "cullface": "south" },
        "west":  { "uv": [ 0, 0, 16, 2.5 ], "texture": "#noteblock", "cullface": "west" },
        "east":  { "uv": [ 16, 0, 0, 2.5 ], "texture": "#noteblock" }
    }
},
{
    "from": [ 14, 13.5, 0 ],
    "to": [ 16, 16, 16 ],
    "faces": {
        "down":  { "uv": [ 14, 16, 16, 0 ], "texture": "#noteblock" },
        "up":    { "uv": [ 14, 0, 16, 16 ], "texture": "#jukebox_top", "cullface": "up" },
        "north": { "uv": [ 16, 0, 14, 2.5 ], "texture": "#noteblock", "cullface": "north" },
        "south": { "uv": [ 14, 0, 16, 2.5 ], "texture": "#noteblock", "cullface": "south" },
        "west":  { "uv": [ 0, 0, 16, 2.5 ], "texture": "#noteblock" },
        "east":  { "uv": [ 16, 0, 0, 2.5 ], "texture": "#noteblock", "cullface": "east" }
    }
},
{
    "from": [ 2, 13.5, 0 ],
    "to": [ 14, 16, 2 ],
    "faces": {
        "down":  { "uv": [ 2, 2, 14, 0 ], "texture": "#noteblock" },
        "up":    { "uv": [ 2, 0, 14, 2 ], "texture": "#jukebox_top", "cullface": "up" },
        "north": { "uv": [ 14, 0, 2, 2.5 ], "texture": "#noteblock", "cullface": "north" },
        "south": { "uv": [ 2, 0, 14, 2.5 ], "texture": "#noteblock" }
    }
},
{
    "from": [ 2, 13.5, 14 ],
    "to": [ 14, 16, 16 ],
    "faces": {
        "down":  { "uv": [ 2, 16, 14, 14 ], "texture": "#noteblock" },
        "up":    { "uv": [ 2, 14, 14, 16 ], "texture": "#jukebox_top", "cullface": "up" },
        "north": { "uv": [ 14, 0, 2, 2.5 ], "texture": "#noteblock" },
        "south": { "uv": [ 2, 0, 14, 2.5 ], "texture": "#noteblock", "cullface": "south" }
    }
},
{
    "from": [ 0, 0, 0 ],
    "to": [ 16, 2.5, 16 ],
    "faces": {
        "down":  { "uv": [ 0, 16, 16, 0 ], "texture": "#bottom", "cullface": "down" },
        "up":    { "uv": [ 0, 0, 16, 16 ], "texture": "#noteblock" },
        "north": { "uv": [ 16, 13.5, 0, 16 ], "texture": "#noteblock", "cullface": "north" },
        "south": { "uv": [ 0, 13.5, 16, 16 ], "texture": "#noteblock", "cullface": "south" },
        "west":  { "uv": [ 0, 13.5, 16, 16 ], "texture": "#noteblock", "cullface": "west" },
        "east":  { "uv": [ 16, 13.5, 0, 16 ], "texture": "#noteblock" }
    }
},
{
    "from": [ 0, 2.5, 0 ],
    "to": [ 2.5, 13.5, 2.5 ],
    "faces": {
        "north": { "uv": [ 2.5, 2.5, 0, 13.5 ], "texture": "#noteblock", "cullface": "north" },
        "south": { "uv": [ 0, 2.5, 2.5, 13.5 ], "texture": "#noteblock" },
        "west":  { "uv": [ 0, 2.5, 2.5, 13.5 ], "texture": "#noteblock", "cullface": "west" },
        "east":  { "uv": [ 2.5, 2.5, 0, 13.5 ], "texture": "#noteblock" }
    }
},
{
    "from": [ 0, 2.5, 13.5 ],
    "to": [ 2.5, 13.5, 16 ],
    "faces": {
        "north": { "uv": [ 2.5, 2.5, 0, 13.5 ], "texture": "#noteblock" },
        "south": { "uv": [ 0, 2.5, 2.5, 13.5 ], "texture": "#noteblock", "cullface": "south" },
        "west":  { "uv": [ 13.5, 2.5, 16, 13.5 ], "texture": "#noteblock", "cullface": "west" },
        "east":  { "uv": [ 16, 2.5, 13.5, 13.5 ], "texture": "#noteblock" }
    }
},
{
    "from": [ 13.5, 2.5, 13.5 ],
    "to": [ 16, 13.5, 16 ],
    "faces": {
        "north": { "uv": [ 16, 2.5, 13.5, 13.5 ], "texture": "#noteblock" },
        "south": { "uv": [ 13.5, 2.5, 16, 13.5 ], "texture": "#noteblock", "cullface": "south" },
        "west":  { "uv": [ 13.5, 2.5, 16, 13.5 ], "texture": "#noteblock" },
        "east":  { "uv": [ 16, 2.5, 13.5, 13.5 ], "texture": "#noteblock", "cullface": "east" }
    }
},
{
    "from": [ 13.5, 2.5, 0 ],
    "to": [ 16, 13.5, 2.5 ],
    "faces": {
        "north": { "uv": [ 16, 2.5, 13.5, 13.5 ], "texture": "#noteblock", "cullface": "north" },
        "south": { "uv": [ 13.5, 2.5, 16, 13.5 ], "texture": "#noteblock" },
        "west":  { "uv": [ 0, 2.5, 2.5, 13.5 ], "texture": "#noteblock" },
        "east":  { "uv": [ 2.5, 2.5, 0, 13.5 ], "texture": "#noteblock", "cullface": "east" }
    }
},
{
    "from": [ 1.5, 1.5, 1.5 ],
    "to": [ 14.5, 15, 14.5 ],
    "__comment": "Inner",
    "faces": {
        "down":  { "uv": [ 1.5, 14.5, 14.5, 1.5 ], "texture": "#noteblock", "cullface": "down" },
        "up":    { "uv": [ 1.5, 1.5, 14.5, 14.5 ], "texture": "#jukebox_top", "cullface": "up" },
        "north": { "uv": [ 14.5, 1, 1.5, 14.5 ], "texture": "#noteblock", "cullface": "north" },
        "south": { "uv": [ 1.5, 1, 14.5, 14.5 ], "texture": "#noteblock", "cullface": "south" },
        "west":  { "uv": [ 1.5, 1, 14.5, 14.5 ], "texture": "#noteblock", "cullface": "west" },
        "east":  { "uv": [ 14.5, 1, 1.5, 14.5 ], "texture": "#noteblock", "cullface": "east" }
    }
},
{
    "from": [ 4.5, 5, 14.5 ],
    "to": [ 11.5, 11, 15 ],
    "__comment": "speaker",
    "faces": {
        "down":  { "uv": [ 5, 10.5, 11, 11 ], "texture": "#noteblock", "cullface": "south" },
        "up":    { "uv": [ 5, 11, 11, 10.5 ], "texture": "#noteblock", "cullface": "south" },
        "south": { "uv": [ 4.5, 5, 11.5, 11 ], "texture": "#noteblock", "cullface": "south" },
        "west":  { "uv": [ 11.5, 5.5, 11, 10.5 ], "texture": "#noteblock", "cullface": "south" },
        "east":  { "uv": [ 11, 5.5, 11.5, 10.5 ], "texture": "#noteblock", "cullface": "south" }
    }
},
{
    "from": [ 4.5, 5, 1 ],
    "to": [ 11.5, 11, 1.5 ],
    "__comment": "speaker",
    "faces": {
        "down":  { "uv": [ 5, 11, 11, 10.5 ], "texture": "#noteblock", "cullface": "north" },
        "up":    { "uv": [ 5, 10.5, 11, 11 ], "texture": "#noteblock", "cullface": "north" },
        "north": { "uv": [ 11.5, 5, 4.5, 11 ], "texture": "#noteblock", "cullface": "north" },
        "west":  { "uv": [ 11, 5.5, 11.5, 10.5 ], "texture": "#noteblock", "cullface": "north" },
        "east":  { "uv": [ 11.5, 5.5, 11, 10.5 ], "texture": "#noteblock", "cullface": "north" }
    }
},
{
    "from": [ 14.5, 5, 4.5 ],
    "to": [ 15, 11, 11.5 ],
    "__comment": "speaker",
    "faces": {
        "down":  { "uv": [ 11.5, 5.5, 11, 10.5 ], "texture": "#noteblock", "cullface": "east" },
        "up":    { "uv": [ 11.5, 5.5, 11, 10.5 ], "texture": "#noteblock", "cullface": "east" },
        "north": { "uv": [ 11, 5.5, 11.5, 10.5 ], "texture": "#noteblock", "cullface": "east" },
        "south": { "uv": [ 11.5, 5.5, 11, 10.5 ], "texture": "#noteblock", "cullface": "east" },
        "east":  { "uv": [ 11.5, 5, 4.5, 11 ], "texture": "#noteblock", "cullface": "east" }
    }
},
{
    "from": [ 1, 5, 4.5 ],
    "to": [ 1.5, 11, 11.5 ],
    "__comment": "speaker",
    "faces": {
        "down":  { "uv": [ 4.5, 10.5, 5, 5.5 ], "texture": "#noteblock", "cullface": "west" },
        "up":    { "uv": [ 11, 5.5, 11.5, 10.5 ], "texture": "#noteblock", "cullface": "west" },
        "north": { "uv": [ 11.5, 5.5, 11, 10.5 ], "texture": "#noteblock", "cullface": "west" },
        "south": { "uv": [ 11, 5.5, 11.5, 10.5 ], "texture": "#noteblock", "cullface": "west" },
        "west":  { "uv": [ 4.5, 5, 11.5, 11 ], "texture": "#noteblock", "cullface": "west" }
    }
}
]
}