{
	"__comment": "Designed by the resident Inuit with BDcraft Cubik PRO 0.96 Beta - http://bdcraft.net",
	"parent": "block/block",
	"ambientocclusion": false,
	"textures": {
		"particle": "blocks/bdc_fence_jungle_side",
		"texture": "blocks/bdc_gate01",
		"top": "blocks/bdc_fence_jungle_top"
	},
	"elements": [
		{
			"__comment": "Left-hand post",
			"from": [ 7, 2, 0 ],
			"to": [ 9, 13, 2 ],

			"faces": {
				"down": { "uv": [ 6, 6, 10, 10 ], "texture": "#top", "rotation": 180 },
				"up": { "uv": [ 6, 6, 10, 10 ], "texture": "#top" },
				"north": { "uv": [ 10, 5, 12, 16 ], "texture": "#texture" },
				"south": { "uv": [ 10, 5, 12, 16 ], "texture": "#texture" },
				"west": { "uv": [ 10, 0, 12, 11 ], "texture": "#texture", "cullface": "west" },
				"east": { "uv": [ 10, 1.5, 12, 12.5 ], "texture": "#texture" }
			}
		},
		{
			"__comment": "Right-hand post",
			"from": [ 7, 2, 14 ],
			"to": [ 9, 13, 16 ],

			"faces": {
				"down": { "uv": [ 6, 6, 10, 10 ], "texture": "#top", "rotation": 180 },
				"up": { "uv": [ 6, 6, 10, 10 ], "texture": "#top" },
				"north": { "uv": [ 10, 0, 12, 11 ], "texture": "#texture" },
				"south": { "uv": [ 10, 5, 12, 16 ], "texture": "#texture" },
				"west": { "uv": [ 10, 0, 12, 11 ], "texture": "#texture" },
				"east": { "uv": [ 10, 0, 12, 11 ], "texture": "#texture", "cullface": "east" }
			}
		},
		{
			"__comment": "Inner vertical post of left-hand gate door",
			"from": [ 7, 3, 6 ],
			"to": [ 9, 12, 8 ],

			"faces": {
				"down": { "uv": [ 6, 6, 10, 10 ], "texture": "#top", "rotation": 180 },
				"up": { "uv": [ 6, 6, 10, 10 ], "texture": "#top" },
				"north": { "uv": [ 10, 7, 12, 16 ], "texture": "#texture" },
				"south": { "uv": [ 10, 7, 12, 16 ], "texture": "#texture" },
				"west": { "uv": [ 10, 2, 12, 11 ], "texture": "#texture" },
				"east": { "uv": [ 10, 0, 12, 9 ], "texture": "#texture" }
			}
		},
		{
			"__comment": "Inner vertical post of right-hand gate door",
			"from": [ 7, 3, 8 ],
			"to": [ 9, 12, 10 ],

			"faces": {
				"down": { "uv": [ 6, 6, 10, 10 ], "texture": "#top", "rotation": 180 },
				"up": { "uv": [ 6, 6, 10, 10 ], "texture": "#top" },
				"north": { "uv": [ 10, 3.5, 12, 12.5 ], "texture": "#texture" },
				"south": { "uv": [ 10, 5.5, 12, 14.5 ], "texture": "#texture" },
				"west": { "uv": [ 10, 7, 12, 16 ], "texture": "#texture" },
				"east": { "uv": [ 10, 0, 12, 9 ], "texture": "#texture" }
			}
		},
		{
			"__comment": "Lower horizontal bar of left-hand gate door",
			"from": [ 7, 3, 2 ],
			"to": [ 9, 6, 6 ],

			"faces": {
				"down": { "uv": [ 1, 7, 5, 9 ], "texture": "#top", "rotation": 270 },
				"up": { "uv": [ 1, 7, 5, 9 ], "texture": "#top", "rotation": 90 },
				"west": { "uv": [ 0, 11, 4, 14 ], "texture": "#texture" },
				"east": { "uv": [ 0, 8, 4, 11 ], "texture": "#texture" }
			}
		},
		{
			"__comment": "Upper horizontal bar of left-hand gate door",
			"from": [ 7, 9, 2 ],
			"to": [ 9, 12, 6 ],

			"faces": {
				"down": { "uv": [ 0, 9, 4, 7 ], "texture": "#top", "rotation": 270 },
				"up": { "uv": [ 0, 9, 4, 7 ], "texture": "#top", "rotation": 90 },
				"west": { "uv": [ 0, 8, 4, 11 ], "texture": "#texture" },
				"east": { "uv": [ 0, 11, 4, 14 ], "texture": "#texture" }
			}
		},
		{
			"__comment": "Lower horizontal bar of right-hand gate door",
			"from": [ 7, 3, 10 ],
			"to": [ 9, 6, 14 ],

			"faces": {
				"down": { "uv": [ 11, 7, 15, 9 ], "texture": "#top", "rotation": 270 },
				"up": { "uv": [ 11, 7, 15, 9 ], "texture": "#top", "rotation": 90 },
				"west": { "uv": [ 0, 11, 4, 14 ], "texture": "#texture" },
				"east": { "uv": [ 0, 8, 4, 11 ], "texture": "#texture" }
			}
		},
		{
			"__comment": "Upper horizontal bar of right-hand gate door",
			"from": [ 7, 9, 10 ],
			"to": [ 9, 12, 14 ],

			"faces": {
				"down": { "uv": [ 11.5, 9, 15.5, 7 ], "texture": "#top", "rotation": 270 },
				"up": { "uv": [ 11.5, 9, 15.5, 7 ], "texture": "#top", "rotation": 90 },
				"west": { "uv": [ 0, 11, 4, 14 ], "texture": "#texture" },
				"east": { "uv": [ 0, 8, 4, 11 ], "texture": "#texture" }
			}
		}
	]
}