{
	"__comment": "Designed by Sphax with BDcraft Cubik PRO 0.76 Beta - http://bdcraft.net",
	"parent": "block/block",
	"ambientocclusion": false,
	"textures": {
		"particle": "blocks/door_jungle_upper",
		"top": "blocks/door_jungle_upper"
	},
	"elements": [
		{
			"from": [ -0.25, 0, 2.25 ],
			"to": [ 3.25, 1.5, 3.75 ],
			"faces": {
				"up": { "uv": [ 12.25, 14.5, 13.75, 15 ], "texture": "#top" },
				"north": { "uv": [ 12.25, 14.5, 13.75, 16 ], "texture": "#top" },
				"south": { "uv": [ 13.25, 14.5, 13.75, 16 ], "texture": "#top" },
				"west": { "uv": [ 12.25, 14.5, 13.75, 16 ], "texture": "#top" },
				"east": { "uv": [ 13.75, 14.5, 12.25, 16 ], "texture": "#top" }
			}
		},
		{
			"from": [ 0, 0, 1 ],
			"to": [ 3, 1, 5 ],
			"faces": {
				"down": { "uv": [ 15.5, 14, 16, 16 ], "texture": "#top" },
				"up": { "uv": [ 10, 14, 10.5, 16 ], "texture": "#top" },
				"north": { "uv": [ 10, 14, 10.5, 16 ], "texture": "#top" },
				"south": { "uv": [ 15.5, 14, 16, 16 ], "texture": "#top" },
				"west": { "uv": [ 11, 15, 15, 16 ], "texture": "#top" },
				"east": { "uv": [ 15, 15, 11, 16 ], "texture": "#top" }
			}
		},
		{
			"from": [ 0, 3, 10 ],
			"to": [ 3, 14, 12 ],
			"faces": {
				"down": { "uv": [ 4, 12.5, 6, 13 ], "texture": "#top", "rotation": 270 },
				"up": { "uv": [ 4, 2, 6, 2.5 ], "texture": "#top", "rotation": 90 },
				"north": { "uv": [ 4, 2, 6, 13 ], "texture": "#top" },
				"south": { "uv": [ 4, 2, 6, 13 ], "texture": "#top" },
				"west": { "uv": [ 11, 2, 13, 13 ], "texture": "#top" },
				"east": { "uv": [ 13, 2, 11, 13 ], "texture": "#top" }
			}
		},
		{
			"from": [ 0, 4, 2 ],
			"to": [ 3, 6, 13 ],
			"faces": {
				"down": { "uv": [ 3, 10, 14, 12 ], "texture": "#top", "rotation": 270 },
				"up": { "uv": [ 3, 10, 14, 12 ], "texture": "#top", "rotation": 270 },
				"north": { "uv": [ 3, 10, 3.5, 12 ], "texture": "#top" },
				"south": { "uv": [ 13.5, 10, 14, 12 ], "texture": "#top" },
				"west": { "uv": [ 3, 10, 14, 12 ], "texture": "#top" },
				"east": { "uv": [ 14, 10, 3, 12 ], "texture": "#top" }
			}
		},
		{
			"from": [ 0, 11, 2 ],
			"to": [ 3, 13, 13 ],
			"faces": {
				"down": { "uv": [ 3, 3, 14, 5 ], "texture": "#top", "rotation": 270 },
				"up": { "uv": [ 3, 3, 14, 5 ], "texture": "#top", "rotation": 270 },
				"north": { "uv": [ 3, 3, 3.5, 5 ], "texture": "#top" },
				"south": { "uv": [ 13.5, 3, 14, 5 ], "texture": "#top" },
				"west": { "uv": [ 3, 3, 14, 5 ], "texture": "#top" },
				"east": { "uv": [ 14, 3, 3, 5 ], "texture": "#top" }
			}
		},
		{
			"from": [ 0, 3, 3 ],
			"to": [ 3, 14, 5 ],
			"faces": {
				"down": { "uv": [ 11, 12.5, 13, 13 ], "texture": "#top", "rotation": 270 },
				"up": { "uv": [ 11, 2, 13, 2.5 ], "texture": "#top", "rotation": 90 },
				"north": { "uv": [ 13, 2, 11, 13 ], "texture": "#top" },
				"south": { "uv": [ 11, 2, 13, 13 ], "texture": "#top" },
				"west": { "uv": [ 4, 2, 6, 13 ], "texture": "#top" },
				"east": { "uv": [ 6, 2, 4, 13 ], "texture": "#top" }
			}
		},
		{
			"from": [ 0.5, 0, 0 ],
			"to": [ 2.5, 16, 16 ],
			"faces": {
				"up": { "uv": [ 10, 1, 7, 2 ], "texture": "#top", "rotation": 180 },
				"north": { "uv": [ 10, 1.5, 7, 2 ], "texture": "#top" },
				"south": { "uv": [ 0, 0, 0.5, 16 ], "texture": "#top" },
				"west": { "uv": [ 16, 0, 0, 16 ], "texture": "#top" },
				"east": { "uv": [ 0, 0, 16, 16 ], "texture": "#top" }
			}
		},
		{
			"from": [ 0, 10, 14 ],
			"to": [ 3, 12, 16 ],
			"faces": {
				"down": { "uv": [ 2, 6, 0, 5.5 ], "texture": "#top" },
				"up": { "uv": [ 0, 4, 2, 4.5 ], "texture": "#top" },
				"north": { "uv": [ 1.5, 4, 2, 6 ], "texture": "#top" },
				"south": { "uv": [ 0, 4, 0.5, 6 ], "texture": "#top" },
				"west": { "uv": [ 2, 4, 0, 6 ], "texture": "#top" },
				"east": { "uv": [ 0, 4, 2, 6 ], "texture": "#top" }
			}
		},
		{
			"from": [ 0, 0, 14 ],
			"to": [ 3, 1, 16 ],
			"faces": {
				"up": { "uv": [ 0, 15, 2, 15.5 ], "texture": "#top" },
				"north": { "uv": [ 0, 15, 0.5, 16 ], "texture": "#top" },
				"south": { "uv": [ 0, 15, 0.5, 16 ], "texture": "#top" },
				"west": { "uv": [ 0, 15, 2, 16 ], "texture": "#top" },
				"east": { "uv": [ 0, 15, 2, 16 ], "texture": "#top" }
			}
		}
	]
}