{
"textures": {
    "particle": "blocks/bdc_fence_jungle_side",
    "texture": "blocks/bdc_gate01",
    "top": "blocks/bdc_fence_jungle_top"
},
"elements": [ 
{
    "__comment": "Left-hand post",
    "from": [ 7, 5, 0 ],
    "to": [ 9, 16, 2 ],
    "faces": {
        "down":  { "uv": [ 6, 6, 10, 10 ], "rotation": 180, "texture": "#top" },
        "up":    { "uv": [ 6, 6, 10, 10 ], "texture": "#top" },
        "north": { "uv": [ 10, 5, 12, 16 ], "texture": "#texture" },
        "south": { "uv": [ 10, 5, 12, 16 ], "texture": "#texture" },
        "west":  { "uv": [ 10, 0, 12, 11 ], "texture": "#texture", "cullface": "west" },
        "east":  { "uv": [ 10, 1, 12, 12 ], "texture": "#texture" }
    }
},
{
    "__comment": "Right-hand post",
    "from": [ 7, 5, 14 ],
    "to": [ 9, 16, 16 ],
    "faces": {
        "down":  { "uv": [ 6, 6, 10, 10 ], "rotation": 180, "texture": "#top" },
        "up":    { "uv": [ 6, 6, 10, 10 ], "texture": "#top" },
        "north": { "uv": [ 10, 0, 12, 11 ], "texture": "#texture" },
        "south": { "uv": [ 10, 5, 12, 16 ], "texture": "#texture" },
        "west":  { "uv": [ 10, 0, 12, 11 ], "texture": "#texture" },
        "east":  { "uv": [ 10, 0, 12, 11 ], "texture": "#texture", "cullface": "east" }
    }
},
{
    "__comment": "Inner vertical post of left-hand gate door",
    "from": [ 7, 6, 6 ],
    "to": [ 9, 15, 8 ],
    "faces": {
        "down":  { "uv": [ 6, 6, 10, 10 ], "rotation": 180, "texture": "#top" },
        "up":    { "uv": [ 6, 6, 10, 10 ], "texture": "#top" },
        "north": { "uv": [ 10, 7, 12, 16 ], "texture": "#texture" },
        "south": { "uv": [ 10, 7, 12, 16 ], "texture": "#texture" },
        "west":  { "uv": [ 10, 1.5, 12, 10.5 ], "texture": "#texture" },
        "east":  { "uv": [ 10, 0, 12, 9 ], "texture": "#texture" }
    }
},
{
    "__comment": "Inner vertical post of right-hand gate door",
    "from": [ 7, 6, 8 ],
    "to": [ 9, 15, 10 ],
    "faces": {
        "down":  { "uv": [ 6, 6, 10, 10 ], "rotation": 180, "texture": "#top" },
        "up":    { "uv": [ 6, 6, 10, 10 ], "texture": "#top" },
        "north": { "uv": [ 10, 3.5, 12, 12.5 ], "texture": "#texture" },
        "south": { "uv": [ 10, 5.5, 12, 14.5 ], "texture": "#texture" },
        "west":  { "uv": [ 10, 7, 12, 16 ], "texture": "#texture" },
        "east":  { "uv": [ 10, 0, 12, 9 ], "texture": "#texture" }
    }
},
{
    "__comment": "Lower horizontal bar of left-hand gate door",
    "from": [ 7, 6, 2 ],
    "to": [ 9, 9, 6 ],
    "faces": {
        "down":  { "uv": [ 1, 9, 5, 7 ], "rotation": 270, "texture": "#top" },
        "up":    { "uv": [ 1, 9, 5, 7 ], "rotation": 90, "texture": "#top" },
        "west":  { "uv": [ 0, 11, 4, 14 ], "texture": "#texture" },
        "east":  { "uv": [ 0, 8, 4, 11 ], "texture": "#texture" }
    }
},
{
    "__comment": "Upper horizontal bar of left-hand gate door",
    "from": [ 7, 12, 2 ],
    "to": [ 9, 15, 6 ],
    "faces": {
        "down":  { "uv": [ 0, 9, 4, 7 ], "rotation": 270, "texture": "#top" },
        "up":    { "uv": [ 0, 9, 4, 7 ], "rotation": 90, "texture": "#top" },
        "west":  { "uv": [ 0, 8, 4, 11 ], "texture": "#texture" },
        "east":  { "uv": [ 0, 11, 4, 14 ], "texture": "#texture" }
    }
},
{
    "__comment": "Lower horizontal bar of right-hand gate door",
    "from": [ 7, 6, 10 ],
    "to": [ 9, 9, 14 ],
    "faces": {
        "down":  { "uv": [ 11, 9, 15, 7 ], "rotation": 270, "texture": "#top" },
        "up":    { "uv": [ 11, 9, 15, 7 ], "rotation": 90, "texture": "#top" },
        "west":  { "uv": [ 0, 11, 4, 14 ], "texture": "#texture" },
        "east":  { "uv": [ 0, 8, 4, 11 ], "texture": "#texture" }
    }
},
{
    "__comment": "Upper horizontal bar of right-hand gate door",
    "from": [ 7, 12, 10 ],
    "to": [ 9, 15, 14 ],
    "faces": {
        "down":  { "uv": [ 11.5, 9, 15.5, 7 ], "rotation": 270, "texture": "#top" },
        "up":    { "uv": [ 11.5, 9, 15.5, 7 ], "rotation": 90, "texture": "#top" },
        "west":  { "uv": [ 0, 11, 4, 14 ], "texture": "#texture" },
        "east":  { "uv": [ 0, 8, 4, 11 ], "texture": "#texture" }
    }
}
]
}