{
	"__comment": "Designed by the resident Inuit with BDcraft Cubik PRO 0.96 Beta - http://bdcraft.net",
	"parent": "block/block",
	"textures": {
		"particle": "blocks/bdc_fence_jungle_side",
		"top": "blocks/bdc_fence_jungle_top",
		"texture": "blocks/bdc_gate01"
	},
	"elements": [
		{
			"__comment": "Left-hand post",
			"from": [ 7, 5, 0 ],
			"to": [ 9, 16, 2 ],

			"faces": {
				"down": { "uv": [ 6, 6, 10, 10 ], "texture": "#top", "rotation": 180 },
				"up": { "uv": [ 6, 6, 10, 10 ], "texture": "#top" },
				"north": { "uv": [ 10, 0, 12, 11 ], "texture": "#texture" },
				"south": { "uv": [ 10, 3.5, 12, 14.5 ], "texture": "#texture" },
				"west": { "uv": [ 10, 0, 12, 11 ], "texture": "#texture", "cullface": "west" },
				"east": { "uv": [ 10, 5, 12, 16 ], "texture": "#texture" }
			}
		},
		{
			"__comment": "Right-hand post",
			"from": [ 7, 5, 14 ],
			"to": [ 9, 16, 16 ],

			"faces": {
				"down": { "uv": [ 6, 6, 10, 10 ], "texture": "#top", "rotation": 180 },
				"up": { "uv": [ 6, 6, 10, 10 ], "texture": "#top" },
				"north": { "uv": [ 10, 5, 12, 16 ], "texture": "#texture" },
				"south": { "uv": [ 10, 2.5, 12, 13.5 ], "texture": "#texture" },
				"west": { "uv": [ 10, 5, 12, 16 ], "texture": "#texture" },
				"east": { "uv": [ 10, 0, 12, 11 ], "texture": "#texture", "cullface": "east" }
			}
		},
		{
			"__comment": "Inner vertical post of left-hand gate door",
			"from": [ 1, 6, 0 ],
			"to": [ 3, 15, 2 ],

			"faces": {
				"down": { "uv": [ 6, 6, 10, 10 ], "texture": "#top", "rotation": 180 },
				"up": { "uv": [ 6, 6, 10, 10 ], "texture": "#top" },
				"north": { "uv": [ 10, 1.5, 12, 10.5 ], "texture": "#texture" },
				"south": { "uv": [ 10, 7, 12, 16 ], "texture": "#texture" },
				"west": { "uv": [ 10, 0, 12, 9 ], "texture": "#texture" },
				"east": { "uv": [ 10, 4, 12, 13 ], "texture": "#texture" }
			}
		},
		{
			"__comment": "Inner vertical post of right-hand gate door",
			"from": [ 1, 6, 14 ],
			"to": [ 3, 15, 16 ],

			"faces": {
				"down": { "uv": [ 6, 6, 10, 10 ], "texture": "#top", "rotation": 180 },
				"up": { "uv": [ 6, 6, 10, 10 ], "texture": "#top" },
				"north": { "uv": [ 10, 4.5, 12, 13.5 ], "texture": "#texture" },
				"south": { "uv": [ 10, 2, 12, 11 ], "texture": "#texture" },
				"west": { "uv": [ 10, 1.5, 12, 10.5 ], "texture": "#texture" },
				"east": { "uv": [ 10, 7, 12, 16 ], "texture": "#texture" }
			}
		},
		{
			"__comment": "Lower horizontal bar of left-hand gate door",
			"from": [ 3, 6, 0 ],
			"to": [ 7, 9, 2 ],

			"faces": {
				"down": { "uv": [ 7, 1, 9, 5 ], "texture": "#top", "rotation": 270 },
				"up": { "uv": [ 7, 1, 9, 5 ], "texture": "#top", "rotation": 90 },
				"north": { "uv": [ 0, 11, 4, 14 ], "texture": "#texture" },
				"south": { "uv": [ 0, 8, 4, 11 ], "texture": "#texture" }
			}
		},
		{
			"__comment": "Upper horizontal bar of left-hand gate door",
			"from": [ 3, 12, 0 ],
			"to": [ 7, 15, 2 ],

			"faces": {
				"down": { "uv": [ 7, 11, 9, 15 ], "texture": "#top", "rotation": 270 },
				"up": { "uv": [ 7, 11, 9, 15 ], "texture": "#top", "rotation": 90 },
				"north": { "uv": [ 0, 8, 4, 11 ], "texture": "#texture" },
				"south": { "uv": [ 0, 11, 4, 14 ], "texture": "#texture" }
			}
		},
		{
			"__comment": "Lower horizontal bar of left-hand gate door",
			"from": [ 3, 6, 14 ],
			"to": [ 7, 9, 16 ],

			"faces": {
				"down": { "uv": [ 7, 11, 9, 15 ], "texture": "#top", "rotation": 270 },
				"up": { "uv": [ 7, 11, 9, 15 ], "texture": "#top", "rotation": 90 },
				"north": { "uv": [ 0, 8, 4, 11 ], "texture": "#texture" },
				"south": { "uv": [ 0, 11, 4, 14 ], "texture": "#texture" }
			}
		},
		{
			"__comment": "Upper horizontal bar of left-hand gate door",
			"from": [ 3, 12, 14 ],
			"to": [ 7, 15, 16 ],

			"faces": {
				"down": { "uv": [ 7, 1, 9, 5 ], "texture": "#top", "rotation": 270 },
				"up": { "uv": [ 7, 1, 9, 5 ], "texture": "#top", "rotation": 90 },
				"north": { "uv": [ 0, 8, 4, 11 ], "texture": "#texture" },
				"south": { "uv": [ 0, 11, 4, 14 ], "texture": "#texture" }
			}
		}
	]
}