{
"textures": {
    "particle": "blocks/bdc_fence_side",
    "texture": "blocks/bdc_gate01",
    "top": "blocks/bdc_fence_top"
},
"elements": [ 
{
    "__comment": "Left-hand post",
    "from": [ 7, 2, 0 ],
    "to": [ 9, 13, 2 ],
    "faces": {
        "down":  { "uv": [ 6, 6, 10, 10 ], "rotation": 180, "texture": "#top" },
        "up":    { "uv": [ 6, 6, 10, 10 ], "texture": "#top" },
        "north": { "uv": [ 14, 5, 16, 16 ], "texture": "#texture" },
        "south": { "uv": [ 14, 5, 16, 16 ], "texture": "#texture" },
        "west":  { "uv": [ 14, 0, 16, 11 ], "texture": "#texture", "cullface": "west" },
        "east":  { "uv": [ 14, 1.5, 16, 12.5 ], "texture": "#texture" }
    }
},
{
    "__comment": "Right-hand post",
    "from": [ 7, 2, 14 ],
    "to": [ 9, 13, 16 ],
    "faces": {
        "down":  { "uv": [ 6, 6, 10, 10 ], "rotation": 180, "texture": "#top" },
        "up":    { "uv": [ 6, 6, 10, 10 ], "texture": "#top" },
        "north": { "uv": [ 14, 0, 16, 11 ], "texture": "#texture" },
        "south": { "uv": [ 14, 5, 16, 16 ], "texture": "#texture" },
        "west":  { "uv": [ 14, 0, 16, 11 ], "texture": "#texture" },
        "east":  { "uv": [ 14, 0, 16, 11 ], "texture": "#texture", "cullface": "east" }
    }
},
{
    "__comment": "Inner vertical post of left-hand gate door",
    "from": [ 7, 3, 6 ],
    "to": [ 9, 12, 8 ],
    "faces": {
        "down":  { "uv": [ 6, 6, 10, 10 ], "rotation": 180, "texture": "#top" },
        "up":    { "uv": [ 6, 6, 10, 10 ], "texture": "#top" },
        "north": { "uv": [ 14, 7, 16, 16 ], "texture": "#texture" },
        "south": { "uv": [ 14, 7, 16, 16 ], "texture": "#texture" },
        "west":  { "uv": [ 14, 2, 16, 11 ], "texture": "#texture" },
        "east":  { "uv": [ 14, 0, 16, 9 ], "texture": "#texture" }
    }
},
{
    "__comment": "Inner vertical post of right-hand gate door",
    "from": [ 7, 3, 8 ],
    "to": [ 9, 12, 10 ],
    "faces": {
        "down":  { "uv": [ 6, 6, 10, 10 ], "rotation": 180, "texture": "#top" },
        "up":    { "uv": [ 6, 6, 10, 10 ], "texture": "#top" },
        "north": { "uv": [ 14, 3.5, 16, 12.5 ], "texture": "#texture" },
        "south": { "uv": [ 14, 5.5, 16, 14.5 ], "texture": "#texture" },
        "west":  { "uv": [ 14, 7, 16, 16 ], "texture": "#texture" },
        "east":  { "uv": [ 14, 0, 16, 9 ], "texture": "#texture" }
    }
},
{
    "__comment": "Lower horizontal bar of left-hand gate door",
    "from": [ 7, 3, 2 ],
    "to": [ 9, 6, 6 ],
    "faces": {
        "down":  { "uv": [ 1, 7, 5, 9 ], "rotation": 270, "texture": "#top" },
        "up":    { "uv": [ 1, 7, 5, 9 ], "rotation": 90, "texture": "#top" },
        "west":  { "uv": [ 0, 3, 4, 6 ], "texture": "#texture" },
        "east":  { "uv": [ 0, 0, 4, 3 ], "texture": "#texture" }
    }
},
{
    "__comment": "Upper horizontal bar of left-hand gate door",
    "from": [ 7, 9, 2 ],
    "to": [ 9, 12, 6 ],
    "faces": {
        "down":  { "uv": [ 0, 9, 4, 7 ], "rotation": 270, "texture": "#top" },
        "up":    { "uv": [ 0, 9, 4, 7 ], "rotation": 90, "texture": "#top" },
        "west":  { "uv": [ 0, 0, 4, 3 ], "texture": "#texture" },
        "east":  { "uv": [ 0, 3, 4, 6 ], "texture": "#texture" }
    }
},
{
    "__comment": "Lower horizontal bar of right-hand gate door",
    "from": [ 7, 3, 10 ],
    "to": [ 9, 6, 14 ],
    "faces": {
        "down":  { "uv": [ 11, 7, 15, 9 ], "rotation": 270, "texture": "#top" },
        "up":    { "uv": [ 11, 7, 15, 9 ], "rotation": 90, "texture": "#top" },
        "west":  { "uv": [ 0, 3, 4, 6 ], "texture": "#texture" },
        "east":  { "uv": [ 0, 0, 4, 3 ], "texture": "#texture" }
    }
},
{
    "__comment": "Upper horizontal bar of right-hand gate door",
    "from": [ 7, 9, 10 ],
    "to": [ 9, 12, 14 ],
    "faces": {
        "down":  { "uv": [ 11.5, 9, 15.5, 7 ], "rotation": 270, "texture": "#top" },
        "up":    { "uv": [ 11.5, 9, 15.5, 7 ], "rotation": 90, "texture": "#top" },
        "west":  { "uv": [ 0, 3, 4, 6 ], "texture": "#texture" },
        "east":  { "uv": [ 0, 0, 4, 3 ], "texture": "#texture" }
    }
}
]
}