{
	"__comment": "Designed by Eskimojo14 with Cubik Studio - http://bdcraft.net",
	"parent": "block/block",
	"textures": {
		"particle": "blocks/observer_front",
		"front": "blocks/observer_front",
		"back": "blocks/observer_back",
		"d": "blocks/observer_top_d",
		"l": "blocks/observer_top_l",
		"r": "blocks/observer_top_r",
		"u": "blocks/observer_top_u"
	},
	"elements": [
		{
			"__comment": "Cube1",
			"from": [ 0, 0, 0 ],
			"to": [ 16, 16, 16.5 ],
			"faces": {
				"down": { "uv": [ 0, 0, 16, 16 ], "texture": "#u", "cullface": "down" },
				"up": { "uv": [ 0, 0, 16, 16 ], "texture": "#d", "cullface": "up" },
				"north": { "uv": [ 0, 0, 16, 16 ], "texture": "#front", "cullface": "north" },
				"south": { "uv": [ 0, 0, 16, 16 ], "texture": "#back", "cullface": "south" },
				"west": { "uv": [ 0, 0, 16, 16 ], "texture": "#r", "cullface": "west" },
				"east": { "uv": [ 0, 0, 16, 16 ], "texture": "#l", "cullface": "east" }
			}
		}
	]
}