{
"__comment": "Model by Mickey Joe & Sphax for PureBDcraft - BDcraft.net.",
"textures": {
    "particle": "blocks/potatoes",
    "crop": "blocks/potatoes"
},
"elements": [ 
{
    "from": [ 4, -2.5, 0 ],
    "to": [ 4.0625, 13.5, 16 ],
    "shade": false,
    "faces": {
        "west":  { "uv": [ 0, 0, 16, 16 ], "texture": "#crop" },
        "east":  { "uv": [ 0, 0, 16, 16 ], "texture": "#crop" }
    }
},
{
    "from": [ 12, -2.5, 0 ],
    "to": [ 12.0625, 13.5, 16 ],
    "shade": false,
    "faces": {
        "west":  { "uv": [ 0, 0, 16, 16 ], "texture": "#crop" },
        "east":  { "uv": [ 0, 0, 16, 16 ], "texture": "#crop" }
    }
},
{
    "from": [ 0, -2.5, 4 ],
    "to": [ 16, 13.5, 4.0625 ],
    "shade": false,
    "faces": {
        "north": { "uv": [ 0, 0, 16, 16 ], "texture": "#crop" },
        "south": { "uv": [ 0, 0, 16, 16 ], "texture": "#crop" }
    }
},
{
    "from": [ 0, -2.5, 12 ],
    "to": [ 16, 13.5, 12.0625 ],
    "shade": false,
    "faces": {
        "north": { "uv": [ 0, 0, 16, 16 ], "texture": "#crop" },
        "south": { "uv": [ 0, 0, 16, 16 ], "texture": "#crop" }
    }
},
{
    "from": [ 8, -2.5, 0 ],
    "to": [ 8.0625, 13.5, 16 ],
    "shade": false,
    "faces": {
        "west":  { "uv": [ 0, 1, 16, 16 ], "texture": "#crop" },
        "east":  { "uv": [ 0, 1, 16, 16 ], "texture": "#crop" }
    }
},
{
    "from": [ 0, -2.5, 8 ],
    "to": [ 16, 13.5, 8.0625 ],
    "shade": false,
    "faces": {
        "north": { "uv": [ 0, 1, 16, 16 ], "texture": "#crop" },
        "south": { "uv": [ 0, 1, 16, 16 ], "texture": "#crop" }
    }
}
]
}
