{
"__comment": "Designed by Sphax with BDcraft Cubik PRO 0.76 Beta - http://bdcraft.net",
"ambientocclusion": false,
"textures": {
    "particle": "blocks/door_spruce_lower",
    "bottom": "blocks/door_spruce_lower"
},
"elements": [ 
{
    "from": [ 0, 15, 0 ],
    "to": [ 3, 16, 2 ],
    "faces": {
        "down":  { "uv": [ 0, 1, 2, 0.5 ], "texture": "#bottom" },
        "north": { "uv": [ 0, 0, 0.5, 1 ], "texture": "#bottom" },
        "south": { "uv": [ 1.5, 0, 2, 1 ], "texture": "#bottom" },
        "west":  { "uv": [ 0, 0, 2, 1 ], "texture": "#bottom" },
        "east":  { "uv": [ 2, 0, 0, 1 ], "texture": "#bottom" }
    }
},
{
    "from": [ 0, 4, 0 ],
    "to": [ 3, 6, 2 ],
    "faces": {
        "down":  { "uv": [ 0, 12, 2, 11.5 ], "texture": "#bottom" },
        "up":    { "uv": [ 0, 10, 2, 10.5 ], "texture": "#bottom" },
        "north": { "uv": [ 0, 10, 0.5, 12 ], "texture": "#bottom" },
        "south": { "uv": [ 1.5, 10, 2, 12 ], "texture": "#bottom" },
        "west":  { "uv": [ 0, 10, 2, 12 ], "texture": "#bottom" },
        "east":  { "uv": [ 2, 10, 0, 12 ], "texture": "#bottom" }
    }
},
{
    "from": [ 0.5, 0, 0 ],
    "to": [ 2.5, 16, 16 ],
    "faces": {
        "down":  { "uv": [ 16, 6.5, 14, 7 ], "rotation": 180, "texture": "#bottom" },
        "north": { "uv": [ 0.5, 0, 0, 16 ], "texture": "#bottom" },
        "south": { "uv": [ 14, 4.5, 16, 8 ], "texture": "#bottom" },
        "west":  { "uv": [ 0, 0, 16, 16 ], "texture": "#bottom" },
        "east":  { "uv": [ 16, 0, 0, 16 ], "texture": "#bottom" }
    }
},
{
    "__comment": "InnerHandle",
    "from": [ 0, 15.5, 12.25 ],
    "to": [ 3, 16, 13.75 ],
    "faces": {
        "down":  { "uv": [ 13.75, 0.5, 12.25, 0 ], "texture": "#bottom" },
        "north": { "uv": [ 12.25, 0, 12.5, 0.5 ], "texture": "#bottom" },
        "south": { "uv": [ 13.5, 0, 13.75, 0.5 ], "texture": "#bottom" },
        "west":  { "uv": [ 12.25, 0, 13.75, 0.5 ], "texture": "#bottom" },
        "east":  { "uv": [ 13.75, 0, 12.25, 0.5 ], "texture": "#bottom" }
    }
}
]
}