{
"__comment": "Designed by the resident Inuit with BDcraft Cubik PRO 0.96 Beta - http://bdcraft.net",
"textures": {
    "particle": "blocks/bdc_fence_spruce_side",
    "top": "blocks/bdc_fence_spruce_top",
    "texture": "blocks/bdc_gate01"
},
"elements": [ 
{
    "__comment": "Left-hand post",
    "from": [ 7, 5, 0 ],
    "to": [ 9, 16, 2 ],
    "faces": {
        "down":  { "uv": [ 6, 6, 10, 10 ], "rotation": 180, "texture": "#top" },
        "up":    { "uv": [ 6, 6, 10, 10 ], "texture": "#top" },
        "north": { "uv": [ 12, 0, 14, 11 ], "texture": "#texture" },
        "south": { "uv": [ 12, 3.5, 14, 14.5 ], "texture": "#texture" },
        "west":  { "uv": [ 12, 0, 14, 11 ], "texture": "#texture", "cullface": "west" },
        "east":  { "uv": [ 12, 5, 14, 16 ], "texture": "#texture" }
    }
},
{
    "__comment": "Right-hand post",
    "from": [ 7, 5, 14 ],
    "to": [ 9, 16, 16 ],
    "faces": {
        "down":  { "uv": [ 6, 6, 10, 10 ], "rotation": 180, "texture": "#top" },
        "up":    { "uv": [ 6, 6, 10, 10 ], "texture": "#top" },
        "north": { "uv": [ 12, 5, 14, 16 ], "texture": "#texture" },
        "south": { "uv": [ 12, 2.5, 14, 13.5 ], "texture": "#texture" },
        "west":  { "uv": [ 12, 5, 14, 16 ], "texture": "#texture" },
        "east":  { "uv": [ 12, 0, 14, 11 ], "texture": "#texture", "cullface": "east" }
    }
},
{
    "__comment": "Inner vertical post of left-hand gate door",
    "from": [ 1, 6, 0 ],
    "to": [ 3, 15, 2 ],
    "faces": {
        "down":  { "uv": [ 6, 6, 10, 10 ], "rotation": 180, "texture": "#top" },
        "up":    { "uv": [ 6, 6, 10, 10 ], "texture": "#top" },
        "north": { "uv": [ 12, 1.5, 14, 10.5 ], "texture": "#texture" },
        "south": { "uv": [ 12, 7, 14, 16 ], "texture": "#texture" },
        "west":  { "uv": [ 12, 0, 14, 9 ], "texture": "#texture" },
        "east":  { "uv": [ 12, 4, 14, 13 ], "texture": "#texture" }
    }
},
{
    "__comment": "Inner vertical post of right-hand gate door",
    "from": [ 1, 6, 14 ],
    "to": [ 3, 15, 16 ],
    "faces": {
        "down":  { "uv": [ 6, 6, 10, 10 ], "rotation": 180, "texture": "#top" },
        "up":    { "uv": [ 6, 6, 10, 10 ], "texture": "#top" },
        "north": { "uv": [ 12, 4.5, 14, 13.5 ], "texture": "#texture" },
        "south": { "uv": [ 12, 2, 14, 11 ], "texture": "#texture" },
        "west":  { "uv": [ 12, 1.5, 14, 10.5 ], "texture": "#texture" },
        "east":  { "uv": [ 12, 7, 14, 16 ], "texture": "#texture" }
    }
},
{
    "__comment": "Lower horizontal bar of left-hand gate door",
    "from": [ 3, 6, 0 ],
    "to": [ 7, 9, 2 ],
    "faces": {
        "down":  { "uv": [ 7, 1, 9, 5 ], "rotation": 270, "texture": "#top" },
        "up":    { "uv": [ 7, 1, 9, 5 ], "rotation": 90, "texture": "#top" },
        "north": { "uv": [ 4, 3, 8, 6 ], "texture": "#texture" },
        "south": { "uv": [ 4, 0, 8, 3 ], "texture": "#texture" }
    }
},
{
    "__comment": "Upper horizontal bar of left-hand gate door",
    "from": [ 3, 12, 0 ],
    "to": [ 7, 15, 2 ],
    "faces": {
        "down":  { "uv": [ 7, 11, 9, 15 ], "rotation": 270, "texture": "#top" },
        "up":    { "uv": [ 7, 11, 9, 15 ], "rotation": 90, "texture": "#top" },
        "north": { "uv": [ 4, 0, 8, 3 ], "texture": "#texture" },
        "south": { "uv": [ 4, 3, 8, 6 ], "texture": "#texture" }
    }
},
{
    "__comment": "Lower horizontal bar of left-hand gate door",
    "from": [ 3, 6, 14 ],
    "to": [ 7, 9, 16 ],
    "faces": {
        "down":  { "uv": [ 7, 11, 9, 15 ], "rotation": 270, "texture": "#top" },
        "up":    { "uv": [ 7, 11, 9, 15 ], "rotation": 90, "texture": "#top" },
        "north": { "uv": [ 4, 0, 8, 3 ], "texture": "#texture" },
        "south": { "uv": [ 4, 3, 8, 6 ], "texture": "#texture" }
    }
},
{
    "__comment": "Upper horizontal bar of left-hand gate door",
    "from": [ 3, 12, 14 ],
    "to": [ 7, 15, 16 ],
    "faces": {
        "down":  { "uv": [ 7, 1, 9, 5 ], "rotation": 270, "texture": "#top" },
        "up":    { "uv": [ 7, 1, 9, 5 ], "rotation": 90, "texture": "#top" },
        "north": { "uv": [ 4, 0, 8, 3 ], "texture": "#texture" },
        "south": { "uv": [ 4, 3, 8, 6 ], "texture": "#texture" }
    }
}
]
}