{   
"__comment": "Designed by the resident Inuit with BDcraft Cubik PRO 0.95 Beta - http://bdcraft.net",
"parent": "block/thin_block",
"textures": {
    "particle": "blocks/stone_slab_top",
    "texture": "blocks/bdc_pressure_stone"
},
"elements": [ 
{
    "from": [ 1, 0, 1 ],
    "to": [ 15, 1, 15 ],
    "faces": {
        "down":  { "uv": [ 1, 1, 15, 15 ], "texture": "#texture", "cullface": "down" },
        "up":    { "uv": [ 1, 1, 15, 15 ], "texture": "#texture" },
        "north": { "uv": [ 1, 15, 15, 16 ], "texture": "#texture" },
        "south": { "uv": [ 1, 15, 15, 16 ], "texture": "#texture" },
        "west":  { "uv": [ 1, 15, 15, 16 ], "texture": "#texture" },
        "east":  { "uv": [ 1, 15, 15, 16 ], "texture": "#texture" }
    }
}
]
}