{
"__comment": "Designed by Sphax with BDcraft Cubik PRO 0.75 Beta - http://bdcraft.net",
"ambientocclusion": false,
"textures": {
    "particle": "blocks/torch_on",
    "torch": "blocks/torch_on",
    "iron": "blocks/iron_bars"
},
"elements": [ 
{
    "from": [ -1, 10.5, 6.75 ],
    "to": [ 1.5, 14.5, 9.25 ],
    "rotation": { "origin": [ 1, 3, 8 ], "axis": "z", "angle": -22.5 },
    "__comment": "torch",
    "faces": {
        "down":  { "uv": [ 6.5, 9.5, 9.5, 6.5 ], "texture": "#torch", "cullface": "down" },
        "up":    { "uv": [ 6.5, 5.5, 9.5, 8.5 ], "texture": "#torch" },
        "north": { "uv": [ 6.5, 5.5, 9.5, 9.5 ], "texture": "#torch" },
        "south": { "uv": [ 6.5, 5.5, 9.5, 9.5 ], "texture": "#torch" },
        "west":  { "uv": [ 9.5, 5.5, 6.5, 9.5 ], "texture": "#torch" },
        "east":  { "uv": [ 9.5, 5.5, 6.5, 9.5 ], "texture": "#torch" }
    }
},
{
    "from": [ -0.5, 4, 7.25 ],
    "to": [ 1, 15, 8.75 ],
    "rotation": { "origin": [ 1, 3, 8 ], "axis": "z", "angle": -22.5 },
    "__comment": "stick",
    "faces": {
        "up":    { "uv": [ 7, 14.25, 9, 16 ], "texture": "#torch" },
        "north": { "uv": [ 7.25, 5, 8.75, 16 ], "texture": "#torch" },
        "south": { "uv": [ 7.25, 5, 8.75, 16 ], "texture": "#torch" },
        "west":  { "uv": [ 7.25, 5, 8.75, 16 ], "texture": "#torch" },
        "east":  { "uv": [ 7.25, 5, 8.75, 16 ], "texture": "#torch" }
    }
},
{
    "from": [ 0, 7.5, 6.5 ],
    "to": [ 4, 9, 7 ],
    "__comment": "attach",
    "faces": {
        "down":  { "uv": [ 1.5, 8, 2, 8.5 ], "texture": "#iron" },
        "up":    { "uv": [ 0, 7, 0.5, 7.5 ], "texture": "#iron" },
        "north": { "uv": [ 0, 7, 2, 8.5 ], "texture": "#iron" },
        "south": { "uv": [ 0, 7, 2, 8.5 ], "texture": "#iron" },
        "east":  { "uv": [ 0, 7, 2, 8.5 ], "texture": "#iron" }
    }
},
{
    "from": [ 0, 7.5, 9 ],
    "to": [ 4, 9, 9.5 ],
    "__comment": "attach",
    "faces": {
        "down":  { "uv": [ 1.5, 8, 2, 8.5 ], "texture": "#iron" },
        "up":    { "uv": [ 0, 7, 0.5, 7.5 ], "texture": "#iron" },
        "north": { "uv": [ 0, 7, 2, 8.5 ], "texture": "#iron" },
        "south": { "uv": [ 0, 7, 2, 8.5 ], "texture": "#iron" },
        "east":  { "uv": [ 0, 7, 2, 8.5 ], "texture": "#iron" }
    }
},
{
    "from": [ 3.5, 7.5, 7 ],
    "to": [ 4, 9, 9 ],
    "__comment": "attach",
    "faces": {
        "down":  { "uv": [ 1.5, 8, 2, 8.5 ], "texture": "#iron" },
        "up":    { "uv": [ 0, 7, 0.5, 7.5 ], "texture": "#iron" },
        "west":  { "uv": [ 0, 7, 2, 8.5 ], "texture": "#iron", "cullface": "west" },
        "east":  { "uv": [ 0, 7, 2, 8.5 ], "texture": "#iron" }
    }
},
{
    "from": [ 0, 3, 6.75 ],
    "to": [ 1.75, 4, 9.25 ],
    "__comment": "base",
    "faces": {
        "down":  { "uv": [ 1.5, 8.5, 2, 9 ], "texture": "#iron" },
        "up":    { "uv": [ 0, 7, 0.5, 7.5 ], "texture": "#iron" },
        "north": { "uv": [ 0, 7, 2, 8.5 ], "texture": "#iron" },
        "south": { "uv": [ 0, 7, 2, 8.5 ], "texture": "#iron" },
        "east":  { "uv": [ 0, 7, 2, 8.5 ], "texture": "#iron" }
    }
}
]
}