{
"__comment": "Designed by Sphax with BDcraft Cubik PRO 0.75 Beta - http://bdcraft.net",
"ambientocclusion": false,
"parent": "block/thin_block",
"textures": {
    "particle": "#texture",
    "texture": "#texture",
    "side": "blocks/trapdoor_side",
    "overlay": "blocks/trapdoor_overlay",
    "border": "blocks/trapdoor_border"
},
"elements": [ 
{
    "from": [ 0, 0.5, 0 ],
    "to": [ 16, 2.5, 16 ],
    "__comment": "Border",
    "faces": {
        "down":  { "uv": [ 16, 16, 0, 0 ], "texture": "#border" },
        "up":    { "uv": [ 0, 0, 16, 16 ], "texture": "#border" },
        "north": { "uv": [ 0, 13, 16, 16 ], "texture": "#side", "cullface": "north" },
        "south": { "uv": [ 0, 15.75, 16, 16 ], "texture": "#texture", "cullface": "south" },
        "west":  { "uv": [ 0, 13, 16, 16 ], "texture": "#side", "cullface": "west" },
        "east":  { "uv": [ 0, 13, 16, 16 ], "texture": "#side", "cullface": "east" }
    }
},
{
    "from": [ 2.5, 0, 14 ],
    "to": [ 4.5, 3, 16 ],
    "__comment": "HingeL",
    "faces": {
        "down":  { "uv": [ 2, 16, 4, 14 ], "texture": "#overlay", "cullface": "down" },
        "up":    { "uv": [ 2, 14, 4, 16 ], "texture": "#overlay", "cullface": "up" },
        "north": { "uv": [ 2, 14, 4, 16 ], "texture": "#overlay" },
        "south": { "uv": [ 2.5, 15.75, 4.5, 16 ], "texture": "#texture", "cullface": "south" },
        "west":  { "uv": [ 2, 14, 4, 16 ], "texture": "#overlay" },
        "east":  { "uv": [ 2, 14, 4, 16 ], "texture": "#overlay" }
    }
},
{
    "from": [ 11.5, 0, 14 ],
    "to": [ 13.5, 3, 16 ],
    "__comment": "HingeR",
    "faces": {
        "down":  { "uv": [ 12, 16, 14, 14 ], "texture": "#overlay", "cullface": "down" },
        "up":    { "uv": [ 12, 14, 14, 16 ], "texture": "#overlay", "cullface": "up" },
        "north": { "uv": [ 12, 14, 14, 16 ], "texture": "#overlay" },
        "south": { "uv": [ 11.5, 15.75, 13.5, 16 ], "texture": "#texture", "cullface": "south" },
        "west":  { "uv": [ 12, 14, 14, 16 ], "texture": "#overlay" },
        "east":  { "uv": [ 12, 14, 14, 16 ], "texture": "#overlay" }
    }
},
{
    "from": [ 6.5, 0, 0.5 ],
    "to": [ 9.5, 3, 4 ],
    "__comment": "Ring1",
    "faces": {
        "down":  { "uv": [ 3, 4, 0, 0 ], "texture": "#overlay", "cullface": "down" },
        "up":    { "uv": [ 0, 0, 3, 4 ], "texture": "#overlay", "cullface": "up" },
        "north": { "uv": [ 0, 0, 0.5, 4 ], "texture": "#overlay", "cullface": "north" },
        "south": { "uv": [ 0, 3.5, 3, 4 ], "texture": "#overlay" },
        "west":  { "uv": [ 0, 0, 0.5, 0.5 ], "texture": "#overlay" },
        "east":  { "uv": [ 2.5, 3.5, 3, 4 ], "texture": "#overlay" }
    }
},
{
    "from": [ 0.25, 1, 0.25 ],
    "to": [ 15.75, 2, 15.75 ],
    "__comment": "Inner",
    "faces": {
        "down":  { "uv": [ 0, 16, 16, 0 ], "texture": "#texture" },
        "up":    { "uv": [ 0, 0, 16, 16 ], "texture": "#texture" }
    }
},
{
    "from": [ 4, 2.6875, 2 ],
    "to": [ 12, 2.75, 10 ],
    "__comment": "RingT",
    "faces": {
        "up":    { "uv": [ 0, 5, 8, 13 ], "texture": "#overlay", "cullface": "up" }
    }
},
{
    "from": [ 7, 0, 7 ],
    "to": [ 9, 3, 9.5 ],
    "__comment": "Ring2",
    "faces": {
        "down":  { "uv": [ 5, 12.5, 3, 10 ], "texture": "#overlay", "cullface": "down" },
        "up":    { "uv": [ 3, 10, 5, 12.5 ], "texture": "#overlay", "cullface": "up" },
        "north": { "uv": [ 4.5, 10, 5, 12.5 ], "texture": "#overlay" },
        "south": { "uv": [ 3, 12, 5, 12.5 ], "texture": "#overlay" },
        "west":  { "uv": [ 4.5, 12, 5, 12.5 ], "texture": "#overlay" },
        "east":  { "uv": [ 4.5, 12, 5, 12.5 ], "texture": "#overlay" }
    }
},
{
    "from": [ 4, 0.1875, 2 ],
    "to": [ 12, 0.25, 10 ],
    "__comment": "RingB",
    "faces": {
        "down":  { "uv": [ 8, 13, 0, 5 ], "texture": "#overlay", "cullface": "down" }
    }
}
]
}