{
"__comment": "Designed by Sphax with BDcraft Cubik PRO 0.75 Beta - http://bdcraft.net",
"ambientocclusion": false,
"parent": "block/thin_block",
"textures": {
    "particle": "#texture",
    "texture": "#texture",
    "side": "blocks/trapdoor_side",
    "overlay": "blocks/trapdoor_overlay",
    "border": "blocks/trapdoor_border"
},
"elements": [ 
{
    "from": [ 7, 6.5, 13 ],
    "to": [ 9, 9, 16 ],
    "__comment": "RingB",
    "faces": {
        "down":  { "uv": [ 3, 12.5, 5, 12.25 ], "texture": "#overlay" },
        "up":    { "uv": [ 3, 10, 5, 10.5 ], "texture": "#overlay" },
        "north": { "uv": [ 3, 10, 5, 12.5 ], "texture": "#overlay", "cullface": "north" },
        "south": { "uv": [ 3, 10, 5, 12.5 ], "texture": "#overlay", "cullface": "south" },
        "west":  { "uv": [ 3, 10, 5, 12.5 ], "texture": "#overlay" },
        "east":  { "uv": [ 3, 10, 5, 12.5 ], "texture": "#overlay" }
    }
},
{
    "from": [ 4, 6, 13.25 ],
    "to": [ 12, 14, 13.3125 ],
    "__comment": "RingN",
    "faces": {
        "north": { "uv": [ 8, 5, 16, 13 ], "texture": "#overlay", "cullface": "north" }
    }
},
{
    "from": [ 4, 6, 15.75 ],
    "to": [ 12, 14, 15.8125 ],
    "__comment": "RingS",
    "faces": {
        "south": { "uv": [ 0, 5, 8, 13 ], "texture": "#overlay", "cullface": "south" }
    }
},
{
    "from": [ 6.5, 11.5, 13 ],
    "to": [ 9.5, 15.5, 16 ],
    "__comment": "RingT",
    "faces": {
        "down":  { "uv": [ 6.5, 4.25, 9.5, 4 ], "texture": "#overlay" },
        "up":    { "uv": [ 0, 0, 3, 0.5 ], "texture": "#overlay", "cullface": "up" },
        "north": { "uv": [ 0, 0, 3, 4 ], "texture": "#overlay", "cullface": "north" },
        "south": { "uv": [ 0, 0, 3, 4 ], "texture": "#overlay", "cullface": "south" },
        "west":  { "uv": [ 0, 0, 3, 4 ], "texture": "#overlay" },
        "east":  { "uv": [ 0, 0, 3, 4 ], "texture": "#overlay" }
    }
},
{
    "from": [ 11.5, 0, 13 ],
    "to": [ 13.5, 2, 16 ],
    "__comment": "HingeL",
    "faces": {
        "down":  { "uv": [ 11.5, 16, 13.5, 15.75 ], "texture": "#border", "cullface": "down" },
        "up":    { "uv": [ 12, 14, 14, 14.5 ], "texture": "#overlay" },
        "north": { "uv": [ 12, 14, 14, 16 ], "texture": "#overlay", "cullface": "north" },
        "south": { "uv": [ 12, 14, 14, 16 ], "texture": "#overlay", "cullface": "south" },
        "west":  { "uv": [ 12, 14, 14, 16 ], "texture": "#overlay" },
        "east":  { "uv": [ 12, 14, 14, 16 ], "texture": "#overlay" }
    }
},
{
    "from": [ 2.5, 0, 13 ],
    "to": [ 4.5, 2, 16 ],
    "__comment": "HingeR",
    "faces": {
        "down":  { "uv": [ 2.5, 16, 4.5, 15.75 ], "texture": "#border", "cullface": "down" },
        "up":    { "uv": [ 2, 14, 4, 14.5 ], "texture": "#overlay" },
        "north": { "uv": [ 2, 14, 4, 16 ], "texture": "#overlay", "cullface": "north" },
        "south": { "uv": [ 2, 14, 4, 16 ], "texture": "#overlay", "cullface": "south" },
        "west":  { "uv": [ 2, 14, 4, 16 ], "texture": "#overlay" },
        "east":  { "uv": [ 2, 14, 4, 16 ], "texture": "#overlay" }
    }
},
{
    "from": [ 0, 0, 13.5 ],
    "to": [ 16, 16, 15.5 ],
    "__comment": "Border",
    "faces": {
        "down":  { "uv": [ 0, 15.75, 16, 16 ], "texture": "#border", "cullface": "down" },
        "up":    { "uv": [ 0, 16, 16, 13 ], "texture": "#side", "cullface": "up" },
        "north": { "uv": [ 0, 0, 16, 16 ], "texture": "#border" },
        "south": { "uv": [ 0, 0, 16, 16 ], "texture": "#border" },
        "west":  { "uv": [ 16, 0, 13, 16 ], "texture": "#side", "cullface": "west" },
        "east":  { "uv": [ 13, 0, 16, 16 ], "texture": "#side", "cullface": "east" }
    }
},
{
    "from": [ 0.25, 0.25, 14 ],
    "to": [ 15.75, 15.75, 15 ],
    "__comment": "Inner",
    "faces": {
        "north": { "uv": [ 0.25, 0.25, 15.75, 15.75 ], "texture": "#texture" },
        "south": { "uv": [ 0.25, 0.25, 15.75, 15.75 ], "texture": "#texture" }
    }
}
]
}