{
"__comment": "Designed by Sphax with BDcraft Cubik PRO 0.85 Beta - http://bdcraft.net",
"textures": {
    "texture": "blocks/xbdc_cubes"
},
"elements": [ 
{
    "__comment": "Cube* Fuchsia",
    "from": [ 12.4375, 0, 1.875 ],
    "to": [ 16.4375, 4, 5.875 ],
    "rotation": { "origin": [ 12.4375, 0, 1.875 ], "axis": "y", "angle": -22.5 },
    "faces": {
        "down":  { "uv": [ 0, 10, 5, 15 ], "texture": "#texture" },
        "up":    { "uv": [ 0, 10, 5, 15 ], "texture": "#texture" },
        "north": { "uv": [ 0, 10, 5, 15 ], "texture": "#texture" },
        "south": { "uv": [ 0, 10, 5, 15 ], "texture": "#texture" },
        "west":  { "uv": [ 0, 10, 5, 15 ], "texture": "#texture" },
        "east":  { "uv": [ 0, 10, 5, 15 ], "texture": "#texture" }
    }
},
{
    "__comment": "Cube* Blue",
    "from": [ 3.4375, 4, 1.375 ],
    "to": [ 7.4375, 8, 5.375 ],
    "rotation": { "origin": [ 3.4375, 4, 1.375 ], "axis": "y", "angle": -22.5 },
    "faces": {
        "down":  { "uv": [ 0, 5, 5, 10 ], "texture": "#texture" },
        "up":    { "uv": [ 0, 5, 5, 10 ], "texture": "#texture" },
        "north": { "uv": [ 0, 5, 5, 10 ], "texture": "#texture" },
        "south": { "uv": [ 0, 5, 5, 10 ], "texture": "#texture" },
        "west":  { "uv": [ 0, 5, 5, 10 ], "texture": "#texture" },
        "east":  { "uv": [ 0, 5, 5, 10 ], "texture": "#texture" }
    }
},
{
    "__comment": "Cube* Aqua",
    "from": [ 3, 0, 5 ],
    "to": [ 7, 4, 9 ],
    "faces": {
        "down":  { "uv": [ 10, 0, 15, 5 ], "texture": "#texture" },
        "up":    { "uv": [ 10, 0, 15, 5 ], "texture": "#texture" },
        "north": { "uv": [ 10, 0, 15, 5 ], "texture": "#texture" },
        "south": { "uv": [ 10, 0, 15, 5 ], "texture": "#texture" },
        "west":  { "uv": [ 10, 0, 15, 5 ], "texture": "#texture" },
        "east":  { "uv": [ 10, 0, 15, 5 ], "texture": "#texture" }
    }
},
{
    "__comment": "Cube* Lime",
    "from": [ 8, 0, -0.3125 ],
    "to": [ 12, 4, 3.6875 ],
    "rotation": { "origin": [ 8, 0, -0.3125 ], "axis": "y", "angle": -45 },
    "faces": {
        "down":  { "uv": [ 5, 0, 10, 5 ], "texture": "#texture" },
        "up":    { "uv": [ 5, 0, 10, 5 ], "texture": "#texture" },
        "north": { "uv": [ 5, 0, 10, 5 ], "texture": "#texture" },
        "south": { "uv": [ 5, 0, 10, 5 ], "texture": "#texture" },
        "west":  { "uv": [ 5, 0, 10, 5 ], "texture": "#texture" },
        "east":  { "uv": [ 5, 0, 10, 5 ], "texture": "#texture" }
    }
},
{
    "__comment": "Cube Red",
    "from": [ -0.125, 0, 1.4375 ],
    "to": [ 3.875, 4, 5.4375 ],
    "rotation": { "origin": [ -0.125, 0, 1.4375 ], "axis": "y", "angle": 22.5 },
    "faces": {
        "down":  { "uv": [ 0, 0, 5, 5 ], "texture": "#texture" },
        "up":    { "uv": [ 0, 0, 5, 5 ], "texture": "#texture" },
        "north": { "uv": [ 0, 0, 5, 5 ], "texture": "#texture" },
        "south": { "uv": [ 0, 0, 5, 5 ], "texture": "#texture" },
        "west":  { "uv": [ 0, 0, 5, 5 ], "texture": "#texture" },
        "east":  { "uv": [ 0, 0, 5, 5 ], "texture": "#texture" }
    }
}
]
}