{
"__comment": "Designed by - with BDcraft Cubik PRO 0.85 Beta - http://bdcraft.net",
"textures": {
    "particle": "blocks/glass_red",
    "texture": "blocks/xbdc_misc1"
},
"elements": [ 
{
    "__comment": "ball",
    "from": [ 11, 2, 14.5 ],
    "to": [ 14, 5, 17.5 ],
    "faces": {
        "down":  { "uv": [ 4, 0, 8, 4 ], "texture": "#texture" },
        "up":    { "uv": [ 4, 0, 8, 4 ], "texture": "#texture" },
        "north": { "uv": [ 4, 0, 8, 4 ], "texture": "#texture" },
        "south": { "uv": [ 4, 0, 8, 4 ], "texture": "#texture" },
        "west":  { "uv": [ 4, 0, 8, 4 ], "texture": "#texture" },
        "east":  { "uv": [ 4, 0, 8, 4 ], "texture": "#texture" }
    }
},
{
    "__comment": "attach",
    "from": [ 12, 5, 15.5 ],
    "to": [ 13, 6, 16.5 ],
    "faces": {
        "up":    { "uv": [ 4, 4, 6, 6 ], "texture": "#texture" },
        "north": { "uv": [ 4, 6, 8, 8 ], "texture": "#texture" },
        "south": { "uv": [ 4, 6, 8, 8 ], "texture": "#texture" },
        "west":  { "uv": [ 4, 6, 8, 8 ], "texture": "#texture" },
        "east":  { "uv": [ 4, 6, 8, 8 ], "texture": "#texture" }
    }
}
]
}