{
"__comment": "Designed by Sphax with BDcraft Cubik PRO 0.85 Beta - http://bdcraft.net",
"textures": {
    "particle": "blocks/xbdc_gift_side_red",
    "side": "blocks/xbdc_gift_side_red",
    "up": "blocks/xbdc_gift_top_red",
    "down": "blocks/xbdc_gift_bottom_red",
    "inner": "blocks/xbdc_gift_inner_red",
    "plant": "#plant"
},
"elements": [ 
{
    "from": [ 9.25, 4.21875, 4.1875 ],
    "to": [ 9.32031, 17.7188, 17.6875 ],
    "rotation": { "origin": [ 9.25, 4.21875, 4.1875 ], "axis": "y", "angle": -45 },
    "faces": {
        "west":  { "uv": [ 0, 0, 16, 16 ], "texture": "#plant" },
        "east":  { "uv": [ 0, 0, 16, 16 ], "texture": "#plant" }
    }
},
{
    "from": [ -0.3125, 4.21875, 4.1875 ],
    "to": [ -0.242188, 17.7188, 17.6875 ],
    "rotation": { "origin": [ -0.3125, 4.21875, 4.1875 ], "axis": "y", "angle": 45 },
    "faces": {
        "west":  { "uv": [ 0, 0, 16, 16 ], "texture": "#plant" },
        "east":  { "uv": [ 0, 0, 16, 16 ], "texture": "#plant" }
    }
},
{
    "__comment": "cap_n",
    "from": [ 9.53125, 5.53125, 4.75 ],
    "to": [ 18.0313, 7.03125, 6 ],
    "rotation": { "origin": [ 9.53125, 7.03125, 4.75 ], "axis": "z", "angle": -45 },
    "faces": {
        "down":  { "uv": [ 0, 2, 16, 0 ], "texture": "#down" },
        "north": { "uv": [ 0, 2, 16, 5 ], "texture": "#side" },
        "south": { "uv": [ 0, 2, 16, 5 ], "texture": "#side" },
        "west":  { "uv": [ 0, 2, 2.5, 5 ], "texture": "#side" },
        "east":  { "uv": [ 13.5, 2, 16, 5 ], "texture": "#side" }
    }
},
{
    "from": [ 0.5, 0, 5 ],
    "to": [ 8.5, 5, 13 ],
    "faces": {
        "down":  { "uv": [ 0, 16, 16, 0 ], "texture": "#down" },
        "up":    { "uv": [ 0, 0, 16, 16 ], "texture": "#inner" },
        "north": { "uv": [ 0, 6, 16, 16 ], "texture": "#side" },
        "south": { "uv": [ 0, 6, 16, 16 ], "texture": "#side" },
        "west":  { "uv": [ 0, 6, 16, 16 ], "texture": "#side" },
        "east":  { "uv": [ 0, 6, 16, 16 ], "texture": "#side" }
    }
},
{
    "from": [ 0.5, 5, 5 ],
    "to": [ 1.5, 7, 13 ],
    "faces": {
        "up":    { "uv": [ 0, 0, 2, 16 ], "texture": "#inner" },
        "north": { "uv": [ 14, 6, 16, 6.5 ], "texture": "#side" },
        "south": { "uv": [ 0, 6, 2, 6.5 ], "texture": "#side" },
        "west":  { "uv": [ 0, 6, 16, 6.5 ], "texture": "#side" },
        "east":  { "uv": [ 16, 15.5, 0, 16 ], "texture": "#side" }
    }
},
{
    "from": [ 1.5, 5, 5 ],
    "to": [ 7.5, 7, 6 ],
    "faces": {
        "up":    { "uv": [ 2, 0, 14, 2 ], "texture": "#inner" },
        "north": { "uv": [ 2, 6, 14, 6.5 ], "texture": "#side" },
        "south": { "uv": [ 2, 15.5, 14, 16 ], "texture": "#side" },
        "west":  { "uv": [ 0, 6, 2, 6.5 ], "texture": "#side" },
        "east":  { "uv": [ 14, 6, 16, 6.5 ], "texture": "#side" }
    }
},
{
    "from": [ 7.5, 5, 5 ],
    "to": [ 8.5, 7, 13 ],
    "faces": {
        "up":    { "uv": [ 14, 0, 16, 16 ], "texture": "#inner" },
        "north": { "uv": [ 0, 6, 2, 6.5 ], "texture": "#side" },
        "south": { "uv": [ 14, 6, 16, 6.5 ], "texture": "#side" },
        "west":  { "uv": [ 0, 15.5, 16, 16 ], "texture": "#side" },
        "east":  { "uv": [ 0, 6, 16, 6.5 ], "texture": "#side" }
    }
},
{
    "from": [ 1.5, 5, 12 ],
    "to": [ 7.5, 7, 13 ],
    "faces": {
        "up":    { "uv": [ 2, 14, 14, 16 ], "texture": "#inner" },
        "north": { "uv": [ 14, 15.5, 2, 16 ], "texture": "#side" },
        "south": { "uv": [ 2, 6, 14, 6.5 ], "texture": "#side" },
        "west":  { "uv": [ 14, 6, 16, 6.5 ], "texture": "#side" },
        "east":  { "uv": [ 0, 6, 2, 6.5 ], "texture": "#side" }
    }
},
{
    "__comment": "cap_s",
    "from": [ 9.53125, 5.53125, 12 ],
    "to": [ 18.0313, 7.03125, 13.25 ],
    "rotation": { "origin": [ 9.53125, 7.03125, 12 ], "axis": "z", "angle": -45 },
    "faces": {
        "down":  { "uv": [ 0, 16, 16, 14 ], "texture": "#down" },
        "north": { "uv": [ 0, 2, 16, 5 ], "texture": "#side" },
        "south": { "uv": [ 0, 2, 16, 5 ], "texture": "#side" },
        "west":  { "uv": [ 13.5, 2, 16, 5 ], "texture": "#side" },
        "east":  { "uv": [ 0, 2, 2.5, 5 ], "texture": "#side" }
    }
},
{
    "__comment": "cap_w",
    "from": [ 9.53125, 5.53125, 6 ],
    "to": [ 10.7813, 7.03125, 12 ],
    "rotation": { "origin": [ 9.53125, 7.03125, 6 ], "axis": "z", "angle": -45 },
    "faces": {
        "down":  { "uv": [ 0, 14, 2, 2 ], "texture": "#down" },
        "west":  { "uv": [ 2.5, 2, 13.5, 5 ], "texture": "#side" },
        "east":  { "uv": [ 2.5, 2, 13.5, 5 ], "texture": "#side" }
    }
},
{
    "__comment": "cap_e",
    "from": [ 14.6563, 0.40625, 6 ],
    "to": [ 15.9063, 1.90625, 12 ],
    "rotation": { "origin": [ 14.6563, 1.90625, 6 ], "axis": "z", "angle": -45 },
    "faces": {
        "down":  { "uv": [ 14, 14, 16, 2 ], "texture": "#down" },
        "west":  { "uv": [ 2.5, 2, 13.5, 5 ], "texture": "#side" },
        "east":  { "uv": [ 2.5, 2, 13.5, 5 ], "texture": "#side" }
    }
},
{
    "__comment": "cap_top",
    "from": [ 10.2188, 6.71875, 4.75 ],
    "to": [ 18.7188, 7.71875, 13.25 ],
    "rotation": { "origin": [ 10.2188, 7.71875, 4.75 ], "axis": "z", "angle": -45 },
    "faces": {
        "down":  { "uv": [ 0, 16, 16, 0 ], "texture": "#inner" },
        "up":    { "uv": [ 0, 0, 16, 16 ], "texture": "#up" },
        "north": { "uv": [ 0, 0, 16, 2 ], "texture": "#side" },
        "south": { "uv": [ 0, 0, 16, 2 ], "texture": "#side" },
        "west":  { "uv": [ 0, 0, 16, 2 ], "texture": "#side" },
        "east":  { "uv": [ 0, 0, 16, 2 ], "texture": "#side" }
    }
}
]
}