{
"__comment": "Designed by Sphax with BDcraft Cubik PRO 0.85 Beta - http://bdcraft.net",
"parent": "block/block",
"textures": {
    "particle": "#side",
    "side": "#side",
    "up": "#top",
    "down": "#bottom",
    "front": "#front"
},
"elements": [ 
{
    "from": [ -0.5, 12, -0.5 ],
    "to": [ 16.5, 16, 16.5 ],
    "faces": {
        "down":  { "uv": [ 0, 16, 16, 0 ], "texture": "#down" },
        "up":    { "uv": [ 0, 0, 16, 16 ], "texture": "#up" },
        "north": { "uv": [ 0, 0, 16, 4 ], "texture": "#front" },
        "south": { "uv": [ 0, 0, 16, 4 ], "texture": "#side" },
        "west":  { "uv": [ 0, 0, 16, 4 ], "texture": "#side" },
        "east":  { "uv": [ 0, 0, 16, 4 ], "texture": "#side" }
    }
},
{
    "from": [ 0, 0, 0 ],
    "to": [ 16, 16, 16 ],
    "faces": {
        "down":  { "uv": [ 0, 16, 16, 0 ], "texture": "#down", "cullface": "down" },
        "north": { "uv": [ 0, 0, 16, 16 ], "texture": "#front", "cullface": "north" },
        "south": { "uv": [ 0, 0, 16, 16 ], "texture": "#side", "cullface": "south" },
        "west":  { "uv": [ 0, 0, 16, 16 ], "texture": "#side", "cullface": "west" },
        "east":  { "uv": [ 0, 0, 16, 16 ], "texture": "#side", "cullface": "east" }
    }
}
]
}