{
"__comment": "Designed by Sphax with BDcraft Cubik PRO 0.85 Beta - http://bdcraft.net",
"textures": {
    "particle": "blocks/xbdc_furniture",
    "texture": "blocks/xbdc_furniture"
},
"elements": [ 
{
    "from": [ 0, 14, 0 ],
    "to": [ 16, 16, 16 ],
    "faces": {
        "down":  { "uv": [ 14, 0, 1, 13 ], "rotation": 180, "texture": "#texture" },
        "up":    { "uv": [ 1, 0, 14, 13 ], "texture": "#texture" },
        "north": { "uv": [ 14, 12.5, 16, 0 ], "rotation": 90, "texture": "#texture" },
        "south": { "uv": [ 14, 14, 16, 0 ], "rotation": 90, "texture": "#texture" },
        "west":  { "uv": [ 14, 14, 16, 0 ], "rotation": 90, "texture": "#texture" },
        "east":  { "uv": [ 14, 14, 16, 1.5 ], "rotation": 90, "texture": "#texture" }
    }
},
{
    "from": [ 13, 0, 1 ],
    "to": [ 15, 14, 3 ],
    "faces": {
        "down":  { "uv": [ 8, 14, 10, 16 ], "rotation": 270, "texture": "#texture" },
        "north": { "uv": [ 14, 0, 16, 14 ], "texture": "#texture" },
        "south": { "uv": [ 14, 0, 16, 14 ], "texture": "#texture" },
        "west":  { "uv": [ 14, 0, 16, 14 ], "texture": "#texture" },
        "east":  { "uv": [ 14, 0, 16, 14 ], "texture": "#texture" }
    }
},
{
    "from": [ 13.5, 13, 3 ],
    "to": [ 14.5, 14, 16 ],
    "faces": {
        "down":  { "uv": [ 1, 0, 13, 1 ], "rotation": 270, "texture": "#texture" },
        "south": { "uv": [ 0, 0, 1, 1 ], "texture": "#texture" },
        "west":  { "uv": [ 1, 0, 13, 1 ], "texture": "#texture" },
        "east":  { "uv": [ 1, 0, 13, 1 ], "texture": "#texture" }
    }
},
{
    "from": [ 0, 13, 1.5 ],
    "to": [ 13, 14, 2.5 ],
    "faces": {
        "down":  { "uv": [ 1, 0, 13, 1 ], "texture": "#texture" },
        "north": { "uv": [ 1, 0, 13, 1 ], "texture": "#texture" },
        "south": { "uv": [ 1, 0, 13, 1 ], "texture": "#texture" },
        "west":  { "uv": [ 0, 0, 1, 1 ], "texture": "#texture" }
    }
}
]
}