{
"__comment": "Designed by Sphax with BDcraft Cubik PRO 0.85 Beta - http://bdcraft.net",
"textures": {
    "particle": "blocks/xbdc_jaccuzzi",
    "texture": "blocks/xbdc_jaccuzzi",
    "water": "blocks/water_still"
},
"elements": [ 
{
    "from": [ 0, 0, 0 ],
    "to": [ 16, 8, 16 ],
    "faces": {
        "down":  { "uv": [ 8, 8, 10, 10 ], "texture": "#texture" },
        "up":    { "uv": [ 0, 0, 8, 8 ], "texture": "#texture" },
        "north": { "uv": [ 2, 8, 7.5, 10 ], "texture": "#texture" },
        "south": { "uv": [ 2, 8, 7.5, 10 ], "texture": "#texture" },
        "west":  { "uv": [ 2, 8, 7.5, 10 ], "texture": "#texture" },
        "east":  { "uv": [ 2, 8, 7.5, 10 ], "texture": "#texture" }
    }
},
{
    "from": [ 0, 8, 0.5 ],
    "to": [ 15.5, 29.5, 4 ],
    "faces": {
        "north": { "uv": [ 0, 0, 8, 8 ], "texture": "#texture" },
        "south": { "uv": [ 8, 0, 16, 8 ], "texture": "#texture" },
        "west":  { "uv": [ 0, 0, 2, 8 ], "texture": "#texture" },
        "east":  { "uv": [ 0, 0, 2, 8 ], "texture": "#texture" }
    }
},
{
    "from": [ 12, 8, 4 ],
    "to": [ 15.5, 29.5, 16 ],
    "faces": {
        "south": { "uv": [ 0, 0, 2, 8 ], "texture": "#texture" },
        "west":  { "uv": [ 8, 0, 14, 8 ], "texture": "#texture" },
        "east":  { "uv": [ 0, 0, 8, 8 ], "texture": "#texture" }
    }
},
{
    "__comment": "water",
    "from": [ 0, 8, 0.5 ],
    "to": [ 15.5, 28, 16 ],
    "faces": {
        "up":    { "uv": [ 0, 0.5, 15.5, 16 ], "texture": "#water" }
    }
},
{
    "from": [ 0, 29.5, -1 ],
    "to": [ 17, 31.5, 4 ],
    "faces": {
        "down":  { "uv": [ 2, 8, 0, 15 ], "rotation": 90, "texture": "#texture" },
        "up":    { "uv": [ 0, 8, 2, 15 ], "rotation": 90, "texture": "#texture" },
        "north": { "uv": [ 2, 9, 7.5, 10 ], "texture": "#texture" },
        "south": { "uv": [ 2, 9, 7.5, 10 ], "texture": "#texture" },
        "west":  { "uv": [ 2, 9, 7.5, 10 ], "texture": "#texture" },
        "east":  { "uv": [ 2, 9, 7.5, 10 ], "texture": "#texture" }
    }
},
{
    "from": [ 12, 29.5, 4 ],
    "to": [ 17, 31.5, 16 ],
    "faces": {
        "down":  { "uv": [ 0, 10, 2, 15.5 ], "texture": "#texture" },
        "up":    { "uv": [ 2, 10, 0, 15.5 ], "texture": "#texture" },
        "south": { "uv": [ 2, 9, 7.5, 10 ], "texture": "#texture" },
        "west":  { "uv": [ 2, 9, 7.5, 10 ], "texture": "#texture" },
        "east":  { "uv": [ 2, 9, 7.5, 10 ], "texture": "#texture" }
    }
}
]
}