{
"__comment": "Designed by Sphax with BDcraft Cubik PRO 0.85 Beta - http://bdcraft.net",
"textures": {
    "particle": "blocks/xbdc_furniture",
    "texture": "blocks/xbdc_furniture"
},
"elements": [ 
{
    "from": [ 3, 13, 13.5 ],
    "to": [ 16, 14, 14.5 ],
    "faces": {
        "down":  { "uv": [ 1, 0, 13, 1 ], "rotation": 180, "texture": "#texture" },
        "north": { "uv": [ 1, 0, 13, 1 ], "texture": "#texture" },
        "south": { "uv": [ 1, 0, 13, 1 ], "texture": "#texture" },
        "east":  { "uv": [ 0, 0, 1, 1 ], "texture": "#texture" }
    }
},
{
    "from": [ 1.5, 13, 0 ],
    "to": [ 2.5, 14, 13 ],
    "faces": {
        "down":  { "uv": [ 1, 0, 13, 1 ], "rotation": 90, "texture": "#texture" },
        "north": { "uv": [ 0, 0, 1, 1 ], "texture": "#texture" },
        "west":  { "uv": [ 1, 0, 13, 1 ], "texture": "#texture" },
        "east":  { "uv": [ 1, 0, 13, 1 ], "texture": "#texture" }
    }
},
{
    "from": [ 1, 0, 13 ],
    "to": [ 3, 14, 15 ],
    "faces": {
        "down":  { "uv": [ 8, 14, 10, 16 ], "rotation": 90, "texture": "#texture" },
        "north": { "uv": [ 14, 0, 16, 14 ], "texture": "#texture" },
        "south": { "uv": [ 14, 0, 16, 14 ], "texture": "#texture" },
        "west":  { "uv": [ 14, 0, 16, 14 ], "texture": "#texture" },
        "east":  { "uv": [ 14, 0, 16, 14 ], "texture": "#texture" }
    }
},
{
    "from": [ 0, 14, 0 ],
    "to": [ 16, 16, 16 ],
    "faces": {
        "down":  { "uv": [ 13, 1, 0, 14 ], "rotation": 180, "texture": "#texture" },
        "up":    { "uv": [ 0, 1, 13, 14 ], "texture": "#texture" },
        "north": { "uv": [ 14, 14, 16, 0 ], "rotation": 90, "texture": "#texture" },
        "south": { "uv": [ 14, 12.5, 16, 0 ], "rotation": 90, "texture": "#texture" },
        "west":  { "uv": [ 14, 14, 16, 1.5 ], "rotation": 90, "texture": "#texture" },
        "east":  { "uv": [ 14, 14, 16, 0 ], "rotation": 90, "texture": "#texture" }
    }
}
]
}