{
"__comment": "Designed by Sphax with BDcraft Cubik PRO 0.85 Beta - http://bdcraft.net",
"textures": {
    "particle": "blocks/xbdc_gift_side_red",
    "side": "blocks/xbdc_gift_side_red",
    "up": "blocks/xbdc_gift_top_red",
    "down": "blocks/xbdc_gift_bottom_red"
},
"elements": [ 
{
    "from": [ 3.75, 5.5, 3.75 ],
    "to": [ 12.25, 8, 12.25 ],
    "faces": {
        "down":  { "uv": [ 0, 16, 16, 0 ], "texture": "#down" },
        "up":    { "uv": [ 0, 0, 16, 16 ], "texture": "#up" },
        "north": { "uv": [ 0, 0, 16, 5 ], "texture": "#side" },
        "south": { "uv": [ 0, 0, 16, 5 ], "texture": "#side" },
        "west":  { "uv": [ 0, 0, 16, 5 ], "texture": "#side" },
        "east":  { "uv": [ 0, 0, 16, 5 ], "texture": "#side" }
    }
},
{
    "from": [ 4, 0, 4 ],
    "to": [ 12, 7.5, 12 ],
    "faces": {
        "down":  { "uv": [ 0, 16, 16, 0 ], "texture": "#down" },
        "north": { "uv": [ 0, 1, 16, 16 ], "texture": "#side" },
        "south": { "uv": [ 0, 1, 16, 16 ], "texture": "#side" },
        "west":  { "uv": [ 0, 1, 16, 16 ], "texture": "#side" },
        "east":  { "uv": [ 0, 1, 16, 16 ], "texture": "#side" }
    }
}
],
"display": {
    "thirdperson": {
        "rotation": [ 34, -52, 153 ],
        "translation": [ 0, 0.8, -3.7 ],
        "scale": [ 0.8, 0.8, 0.8 ]
    },
    "head": {
        "rotation": [ 0, 0, 0 ],
        "translation": [ 0, 8.4, 0 ],
        "scale": [ 1.2, 1.2, 1.2 ]
    },
    "ground": {
        "rotation": [ 0, 0, 0 ],
        "translation": [ 0, 1, 0 ],
        "scale": [ 1.5, 1.5, 1.5 ]
    },
    "firstperson": {
        "rotation": [ 0, 0, 0 ],
        "translation": [ 0, 5, 0 ],
        "scale": [ 1.8, 1.8, 1.8 ]
    },
    "gui": {
        "rotation": [ 0, 0, 0 ],
        "translation": [ 0, 0.5, 0 ],
        "scale": [ 1.2, 1.2, 1.2 ]
    }
}
}