{
"__comment": "Designed by Sphax with BDcraft Cubik PRO 0.85 Beta - http://bdcraft.net",
"textures": {
    "particle": "blocks/xbdc_skins",
    "bedrock": "blocks/bedrock",
    "jukebox_side": "blocks/jukebox_side",
    "jukebox_top": "blocks/jukebox_top",
    "skins": "blocks/xbdc_skins",
	"xbdc_tech_misc": "blocks/xbdc_tech_misc"
},
"elements": [ 
{
    "__comment": "char1",
    "from": [ 5, 11.5, 3 ],
    "to": [ 7, 13.5, 5 ],
    "faces": {
        "down":  { "uv": [ 2, 8, 3, 9 ], "rotation": 180, "texture": "#skins" },
        "up":    { "uv": [ 1, 8, 2, 9 ], "texture": "#skins" },
        "north": { "uv": [ 3, 9, 4, 10 ], "texture": "#skins" },
        "south": { "uv": [ 1, 9, 2, 10 ], "texture": "#skins" },
        "west":  { "uv": [ 0, 9, 1, 10 ], "texture": "#skins" },
        "east":  { "uv": [ 2, 9, 3, 10 ], "texture": "#skins" }
    }
},
{
    "__comment": "char1",
    "from": [ 5, 6.875, 3.25 ],
    "to": [ 7, 10.875, 4.75 ],
    "faces": {
        "down":  { "uv": [ 2.5, 10, 3.5, 10.5 ], "texture": "#skins" },
        "up":    { "uv": [ 2.5, 10, 3.5, 10.5 ], "texture": "#skins" },
        "north": { "uv": [ 4, 10.5, 5, 12 ], "texture": "#skins" },
        "south": { "uv": [ 2.5, 10.5, 3.5, 12 ], "texture": "#skins" },
        "west":  { "uv": [ 2, 10.5, 2.5, 12 ], "texture": "#skins" },
        "east":  { "uv": [ 3.5, 10.5, 4, 12 ], "texture": "#skins" }
    }
},
{
    "__comment": "char1",
    "from": [ 4, 8.25, 3.5 ],
    "to": [ 5, 10.25, 4.5 ],
    "rotation": { "origin": [ 4, 10.25, 3.5 ], "axis": "x", "angle": -45 },
    "faces": {
        "down":  { "uv": [ 5.5, 10, 6, 10.5 ], "rotation": 180, "texture": "#skins" },
        "up":    { "uv": [ 5.5, 10, 6, 10.5 ], "texture": "#skins" },
        "north": { "uv": [ 6.5, 10.5, 7, 11.25 ], "texture": "#skins" },
        "south": { "uv": [ 5.5, 10.5, 6, 11.25 ], "texture": "#skins" },
        "west":  { "uv": [ 5, 10.5, 5.5, 11.25 ], "texture": "#skins" }
    }
},
{
    "__comment": "char1",
    "from": [ 4.75, 6.875, 3.25 ],
    "to": [ 7.25, 10.875, 3.5 ],
    "rotation": { "origin": [ 4.75, 10.875, 3.25 ], "axis": "x", "angle": 22.5 },
    "faces": {
        "down":  { "uv": [ 5, 13.875, 6, 14.125 ], "rotation": 180, "texture": "#skins" },
        "up":    { "uv": [ 5, 12, 6, 12.25 ], "rotation": 270, "texture": "#skins" },
        "north": { "uv": [ 4, 12, 5, 14.125 ], "texture": "#skins" },
        "south": { "uv": [ 5, 12, 6, 14.125 ], "texture": "#skins" },
        "west":  { "uv": [ 6, 12.125, 5.875, 14.125 ], "texture": "#skins" },
        "east":  { "uv": [ 5.125, 12, 5.25, 14.25 ], "texture": "#skins" }
    }
},
{
    "__comment": "char1",
    "from": [ 6.8125, 8.6875, 3.4375 ],
    "to": [ 7.8125, 10.6875, 4.4375 ],
    "rotation": { "origin": [ 6.8125, 10.6875, 3.4375 ], "axis": "z", "angle": 22.5 },
    "faces": {
        "down":  { "uv": [ 6, 10, 5.5, 10.5 ], "rotation": 180, "texture": "#skins" },
        "up":    { "uv": [ 6, 10, 5.5, 10.5 ], "texture": "#skins" },
        "north": { "uv": [ 7, 10.5, 6.5, 11.25 ], "texture": "#skins" },
        "south": { "uv": [ 5.5, 10.5, 5, 11.25 ], "texture": "#skins" },
        "west":  { "uv": [ 6.5, 10.5, 6, 11.25 ], "texture": "#skins" },
        "east":  { "uv": [ 5.5, 10.5, 5, 11.25 ], "texture": "#skins" }
    }
},
{
    "__comment": "char1",
    "from": [ 4.9375, 5.5, 3.5 ],
    "to": [ 5.9375, 7, 4.5 ],
    "rotation": { "origin": [ 4.9375, 7, 3.5 ], "axis": "x", "angle": -22.5 },
    "faces": {
        "down":  { "uv": [ 0.5, 10, 1, 10.5 ], "rotation": 180, "texture": "#skins" },
        "up":    { "uv": [ 0.5, 10, 1, 10.5 ], "texture": "#skins" },
        "north": { "uv": [ 1.5, 10.5, 2, 11.25 ], "texture": "#skins" },
        "south": { "uv": [ 0.5, 10.5, 1, 11.25 ], "texture": "#skins" },
        "west":  { "uv": [ 0, 10.5, 0.5, 11.25 ], "texture": "#skins" },
        "east":  { "uv": [ 1, 10.5, 1.5, 11.25 ], "texture": "#skins" }
    }
},
{
    "__comment": "char1",
    "from": [ 6.0625, 5.5, 3.5 ],
    "to": [ 7.0625, 7, 4.5 ],
    "rotation": { "origin": [ 6.0625, 7, 3.5 ], "axis": "x", "angle": -22.5 },
    "faces": {
        "down":  { "uv": [ 1, 10, 0.5, 10.5 ], "rotation": 180, "texture": "#skins" },
        "up":    { "uv": [ 1, 10, 0.5, 10.5 ], "texture": "#skins" },
        "north": { "uv": [ 2, 10.5, 1.5, 11.25 ], "texture": "#skins" },
        "south": { "uv": [ 1, 10.5, 0.5, 11.25 ], "texture": "#skins" },
        "west":  { "uv": [ 1.5, 10.5, 1, 11.25 ], "texture": "#skins" },
        "east":  { "uv": [ 0.5, 10.5, 0, 11.25 ], "texture": "#skins" }
    }
},
{
    "__comment": "char4",
    "from": [ 3, 1.75, 8.0625 ],
    "to": [ 5, 3.75, 10.0625 ],
    "rotation": { "origin": [ 3, 3.75, 8.0625 ], "axis": "x", "angle": 45 },
    "faces": {
        "down":  { "uv": [ 11, 5, 12, 6 ], "rotation": 180, "texture": "#skins" },
        "up":    { "uv": [ 9, 5, 10, 6 ], "texture": "#skins" },
        "north": { "uv": [ 9, 5, 10, 4 ], "texture": "#skins" },
        "south": { "uv": [ 10, 4, 11, 5 ], "rotation": 180, "texture": "#skins" },
        "west":  { "uv": [ 8, 5, 9, 6 ], "rotation": 270, "texture": "#skins" },
        "east":  { "uv": [ 10, 5, 11, 6 ], "rotation": 90, "texture": "#skins" }
    }
},
{
    "__comment": "char4",
    "from": [ 3, 1, 9 ],
    "to": [ 5, 2, 12 ],
    "rotation": { "origin": [ 3, 2, 9 ], "axis": "x", "angle": 22.5 },
    "faces": {
        "down":  { "uv": [ 12, 8, 13, 6.5 ], "texture": "#skins" },
        "up":    { "uv": [ 10.5, 6.5, 11.5, 8 ], "texture": "#skins" },
        "north": { "uv": [ 10.5, 6, 11.5, 6.5 ], "rotation": 180, "texture": "#skins" },
        "south": { "uv": [ 11.5, 6, 12.5, 6.5 ], "texture": "#skins" },
        "west":  { "uv": [ 10, 6.5, 10.5, 8 ], "rotation": 270, "texture": "#skins" },
        "east":  { "uv": [ 11.5, 6.5, 12, 8 ], "rotation": 90, "texture": "#skins" }
    }
},
{
    "__comment": "char4",
    "from": [ 3, 0, 11.5 ],
    "to": [ 4, 1, 14.5 ],
    "rotation": { "origin": [ 3, 0, 11.5 ], "axis": "y", "angle": -22.5 },
    "faces": {
        "down":  { "uv": [ 9.5, 6.5, 10, 8 ], "rotation": 180, "texture": "#skins" },
        "up":    { "uv": [ 8.5, 6.5, 9, 8 ], "texture": "#skins" },
        "north": { "uv": [ 8.5, 6.5, 9, 6 ], "texture": "#skins" },
        "south": { "uv": [ 9, 6.5, 9.5, 6 ], "texture": "#skins" },
        "west":  { "uv": [ 8, 6.5, 8.5, 8 ], "rotation": 270, "texture": "#skins" },
        "east":  { "uv": [ 9, 6.5, 9.5, 8 ], "rotation": 90, "texture": "#skins" }
    }
},
{
    "__comment": "char4",
    "from": [ 4.0625, 0, 11.7577 ],
    "to": [ 5.0625, 1, 14.7577 ],
    "rotation": { "origin": [ 4.0625, 0, 11.7577 ], "axis": "y", "angle": 22.5 },
    "faces": {
        "down":  { "uv": [ 10, 6.5, 9.5, 8 ], "rotation": 180, "texture": "#skins" },
        "up":    { "uv": [ 9, 6.5, 8.5, 8 ], "texture": "#skins" },
        "north": { "uv": [ 8.5, 6.5, 9, 6 ], "texture": "#skins" },
        "south": { "uv": [ 9, 6.5, 9.5, 6 ], "texture": "#skins" },
        "west":  { "uv": [ 9.5, 6.5, 9, 8 ], "rotation": 270, "texture": "#skins" },
        "east":  { "uv": [ 8.5, 6.5, 8, 8 ], "rotation": 90, "texture": "#skins" }
    }
},
{
    "from": [ 13.5, 0, 10.5 ],
    "to": [ 17.5, 4, 14.5 ],
    "rotation": { "origin": [ 13.5, 0, 10.5 ], "axis": "y", "angle": -45 },
    "faces": {
        "down":  { "uv": [ 0, 0, 16, 16 ], "texture": "#bedrock" },
        "up":    { "uv": [ 0, 0, 16, 16 ], "texture": "#bedrock" },
        "north": { "uv": [ 0, 0, 16, 16 ], "texture": "#bedrock" },
        "south": { "uv": [ 0, 0, 16, 16 ], "texture": "#bedrock" },
        "west":  { "uv": [ 0, 0, 16, 16 ], "texture": "#bedrock" },
        "east":  { "uv": [ 0, 0, 16, 16 ], "texture": "#bedrock" }
    }
},
{
    "__comment": "char2",
    "from": [ 14.9375, 7.6875, 11.9375 ],
    "to": [ 16.9375, 9.6875, 13.9375 ],
    "rotation": { "origin": [ 14.9375, 9.6875, 11.9375 ], "axis": "z", "angle": -22.5 },
    "faces": {
        "down":  { "uv": [ 10, 0, 11, 1 ], "rotation": 90, "texture": "#skins" },
        "up":    { "uv": [ 9, 0, 10, 1 ], "rotation": 90, "texture": "#skins" },
        "north": { "uv": [ 8, 1, 9, 2 ], "texture": "#skins" },
        "south": { "uv": [ 10, 1, 11, 2 ], "texture": "#skins" },
        "west":  { "uv": [ 9, 1, 10, 2 ], "texture": "#skins" },
        "east":  { "uv": [ 11, 1, 12, 2 ], "texture": "#skins" }
    }
},
{
    "__comment": "char2",
    "from": [ 14.5, 4.5, 12 ],
    "to": [ 15.5, 7.5, 14 ],
    "faces": {
        "down":  { "uv": [ 11.5, 2, 12.5, 2.5 ], "rotation": 270, "texture": "#skins" },
        "up":    { "uv": [ 10.5, 2, 11.5, 2.5 ], "rotation": 90, "texture": "#skins" },
        "north": { "uv": [ 10, 2.5, 10.5, 4 ], "texture": "#skins" },
        "south": { "uv": [ 11.5, 2.5, 12, 4 ], "texture": "#skins" },
        "west":  { "uv": [ 10.5, 2.5, 11.5, 4 ], "texture": "#skins" },
        "east":  { "uv": [ 12, 2.5, 13, 4 ], "texture": "#skins" }
    }
},
{
    "__comment": "char2",
    "from": [ 14.5625, 4.6875, 11 ],
    "to": [ 15.5625, 7.6875, 12 ],
    "rotation": { "origin": [ 14.5625, 7.6875, 11 ], "axis": "z", "angle": -22.5 },
    "faces": {
        "down":  { "uv": [ 14, 2, 14.5, 2.5 ], "rotation": 90, "texture": "#skins" },
        "up":    { "uv": [ 13.5, 2, 14, 2.5 ], "rotation": 90, "texture": "#skins" },
        "north": { "uv": [ 13.5, 2.5, 14, 4 ], "texture": "#skins" },
        "south": { "uv": [ 14.5, 2.5, 15, 4 ], "texture": "#skins" },
        "west":  { "uv": [ 13, 2.5, 13.5, 4 ], "texture": "#skins" },
        "east":  { "uv": [ 14, 2.5, 14.5, 4 ], "texture": "#skins" }
    }
},
{
    "__comment": "char2",
    "from": [ 12, 6.5, 14 ],
    "to": [ 15, 7.5, 15 ],
    "faces": {
        "down":  { "uv": [ 14.5, 2.5, 14, 4 ], "rotation": 90, "texture": "#skins" },
        "up":    { "uv": [ 13.5, 2.5, 13, 4 ], "rotation": 90, "texture": "#skins" },
        "north": { "uv": [ 13.5, 2.5, 14, 4 ], "rotation": 270, "texture": "#skins" },
        "south": { "uv": [ 14.5, 4, 15, 2.5 ], "rotation": 270, "texture": "#skins" },
        "west":  { "uv": [ 14.5, 2.5, 14, 2 ], "texture": "#skins" },
        "east":  { "uv": [ 14, 2.5, 13.5, 2 ], "texture": "#skins" }
    }
},
{
    "__comment": "char2",
    "from": [ 12.3827, 4, 10.875 ],
    "to": [ 15.3827, 5, 11.875 ],
    "rotation": { "origin": [ 12.3827, 4, 10.875 ], "axis": "y", "angle": -22.5 },
    "faces": {
        "down":  { "uv": [ 9.5, 2.5, 10, 4 ], "rotation": 90, "texture": "#skins" },
        "up":    { "uv": [ 8.5, 2.5, 9, 4 ], "rotation": 90, "texture": "#skins" },
        "north": { "uv": [ 8, 2.5, 8.5, 4 ], "rotation": 270, "texture": "#skins" },
        "south": { "uv": [ 9, 2.5, 9.5, 4 ], "rotation": 90, "texture": "#skins" },
        "west":  { "uv": [ 9, 2.5, 9.5, 2 ], "texture": "#skins" },
        "east":  { "uv": [ 8.5, 2, 9, 2.5 ], "texture": "#skins" }
    }
},
{
    "__comment": "char2",
    "from": [ 12.0625, 4, 14.1875 ],
    "to": [ 15.0625, 5, 15.1875 ],
    "rotation": { "origin": [ 12.0625, 4, 14.1875 ], "axis": "y", "angle": 22.5 },
    "faces": {
        "down":  { "uv": [ 10, 2.5, 9.5, 4 ], "rotation": 90, "texture": "#skins" },
        "up":    { "uv": [ 9, 2.5, 8.5, 4 ], "rotation": 90, "texture": "#skins" },
        "north": { "uv": [ 9.5, 2.5, 9, 4 ], "rotation": 270, "texture": "#skins" },
        "south": { "uv": [ 8.5, 2.5, 8, 4 ], "rotation": 90, "texture": "#skins" },
        "west":  { "uv": [ 9.5, 2.5, 9, 2 ], "texture": "#skins" },
        "east":  { "uv": [ 9, 2, 8.5, 2.5 ], "texture": "#skins" }
    }
},
{
    "from": [ 3.5, 0, 2.875 ],
    "to": [ 7.5, 4, 6.875 ],
    "rotation": { "origin": [ 3.5, 0, 2.875 ], "axis": "y", "angle": 22.5 },
    "faces": {
        "down":  { "uv": [ 0, 0, 16, 16 ], "texture": "#jukebox_side" },
        "up":    { "uv": [ 0, 0, 16, 16 ], "texture": "#jukebox_top" },
        "north": { "uv": [ 0, 0, 16, 16 ], "texture": "#jukebox_side" },
        "south": { "uv": [ 0, 0, 16, 16 ], "texture": "#jukebox_side" },
        "west":  { "uv": [ 0, 0, 16, 16 ], "texture": "#jukebox_side" },
        "east":  { "uv": [ 0, 0, 16, 16 ], "texture": "#jukebox_side" }
    }
},
{
    "from": [ 5.5, 10, 3 ],
    "to": [ 6.5, 11.5, 4 ],
    "rotation": { "origin": [ 5.5, 11.5, 3 ], "axis": "x", "angle": -22.5 },
    "faces": {
        "down":  { "uv": [ 6, 10.5, 5.5, 10 ], "texture": "#skins" },
        "north": { "uv": [ 5, 10.5, 5.5, 11.5 ], "texture": "#skins" },
        "south": { "uv": [ 6, 10.5, 6.5, 11.5 ], "texture": "#skins" },
        "west":  { "uv": [ 5.5, 10.5, 6, 11.5 ], "texture": "#skins" },
        "east":  { "uv": [ 6.5, 10.5, 7, 11.5 ], "texture": "#skins" }
    }
},
{
    "from": [ 5.5, 12, 5 ],
    "to": [ 6.5, 12.5, 6 ],
    "faces": {
        "down":  { "uv": [ 5.5, 9, 4.75, 8 ], "texture": "#skins" },
        "up":    { "uv": [ 4, 8, 4.75, 9 ], "texture": "#skins" },
        "south": { "uv": [ 7, 9, 7.5, 9.25 ], "texture": "#skins" },
        "west":  { "uv": [ 7, 9, 6, 9.25 ], "texture": "#skins" },
        "east":  { "uv": [ 6, 9, 7, 9.25 ], "texture": "#skins" }
    }
},
{
    "from": [ 5.5, 6.5, 3.25 ],
    "to": [ 6.5, 8, 4.25 ],
    "rotation": { "origin": [ 5.5, 8, 3.25 ], "axis": "x", "angle": 22.5 },
    "faces": {
        "down":  { "uv": [ 0.5, 11.25, 1, 10.5 ], "texture": "#skins" },
        "up":    { "uv": [ 0.5, 10.5, 1, 11.25 ], "texture": "#skins" },
        "north": { "uv": [ 0.5, 10.5, 1, 11.25 ], "texture": "#skins" },
        "south": { "uv": [ 0.5, 10.5, 1, 11.25 ], "texture": "#skins" },
        "west":  { "uv": [ 0.5, 10.5, 1, 11.25 ], "texture": "#skins" },
        "east":  { "uv": [ 0.5, 10.5, 1, 11.25 ], "texture": "#skins" }
    }
},
{
    "from": [ 5.5625, 5.4375, 3.0625 ],
    "to": [ 6.3125, 6.9375, 3.8125 ],
    "rotation": { "origin": [ 5.5625, 6.9375, 3.0625 ], "axis": "x", "angle": 45 },
    "faces": {
        "down":  { "uv": [ 1, 11.25, 1.5, 10.5 ], "texture": "#skins" },
        "up":    { "uv": [ 1, 10.5, 1.5, 11.25 ], "texture": "#skins" },
        "north": { "uv": [ 1, 10.5, 1.5, 11.25 ], "texture": "#skins" },
        "south": { "uv": [ 1, 10.5, 1.5, 11.25 ], "texture": "#skins" },
        "west":  { "uv": [ 1, 10.5, 1.5, 11.25 ], "texture": "#skins" },
        "east":  { "uv": [ 1, 10.5, 1.5, 11.25 ], "texture": "#skins" }
    }
},
{
    "from": [ 5.625, 5.3125, 1.4375 ],
    "to": [ 6.25, 5.9375, 2.5625 ],
    "faces": {
        "down":  { "uv": [ 1.5, 11, 2, 10.5 ], "texture": "#skins" },
        "up":    { "uv": [ 1.5, 10.5, 2, 11.25 ], "texture": "#skins" },
        "north": { "uv": [ 1.5, 10.5, 2, 11 ], "texture": "#skins" },
        "south": { "uv": [ 1.5, 10.5, 2, 11 ], "texture": "#skins" },
        "west":  { "uv": [ 1.5, 10.5, 2, 11.25 ], "texture": "#skins" },
        "east":  { "uv": [ 1.5, 10.5, 2, 11.25 ], "texture": "#skins" }
    }
},
{
    "from": [ 5.8125, 8.875, 3 ],
    "to": [ 6.3125, 9.375, 3.5 ],
    "rotation": { "origin": [ 5.8125, 9.375, 3 ], "axis": "x", "angle": -45 },
    "faces": {
        "down":  { "uv": [ 3.875, 11.875, 4.25, 11.25 ], "texture": "#skins" },
        "up":    { "uv": [ 2.5, 10.875, 3, 11.25 ], "texture": "#skins" },
        "north": { "uv": [ 3.375, 10.875, 3.75, 11.5 ], "texture": "#skins" },
        "south": { "uv": [ 3.25, 11, 3.75, 11.625 ], "texture": "#skins" },
        "west":  { "uv": [ 3.25, 10.875, 3.875, 11.25 ], "texture": "#skins" },
        "east":  { "uv": [ 2.625, 10.625, 3.25, 11.25 ], "texture": "#skins" }
    }
},
{
    "from": [ 5.75, 10, 3.5 ],
    "to": [ 6.25, 10.5, 4 ],
    "rotation": { "origin": [ 5.75, 10.5, 3.5 ], "axis": "x", "angle": 45 },
    "faces": {
        "down":  { "uv": [ 2.875, 11.75, 3.375, 11.375 ], "texture": "#skins" },
        "up":    { "uv": [ 3.125, 10.75, 3.625, 11.25 ], "texture": "#skins" },
        "south": { "uv": [ 2.75, 10.5, 3.25, 11 ], "texture": "#skins" },
        "west":  { "uv": [ 3, 11, 3.375, 11.625 ], "texture": "#skins" },
        "east":  { "uv": [ 4.25, 11, 4.75, 11.625 ], "texture": "#skins" }
    }
},
{
    "from": [ 5.8125, 7.8125, 3 ],
    "to": [ 6.3125, 8.3125, 3.5 ],
    "rotation": { "origin": [ 5.8125, 8.3125, 3 ], "axis": "x", "angle": -45 },
    "faces": {
        "down":  { "uv": [ 3, 11.625, 3.5, 11.125 ], "texture": "#skins" },
        "up":    { "uv": [ 2.875, 10.875, 3.375, 11.375 ], "texture": "#skins" },
        "north": { "uv": [ 4.5, 11.125, 5, 11.625 ], "texture": "#skins" },
        "south": { "uv": [ 2.75, 11.375, 3.25, 11.875 ], "texture": "#skins" },
        "west":  { "uv": [ 3.75, 11, 4.25, 11.5 ], "texture": "#skins" },
        "east":  { "uv": [ 4.625, 11.125, 5.125, 11.625 ], "texture": "#skins" }
    }
},
{
    "from": [ 7.5, 7.25, 3.4375 ],
    "to": [ 8.5, 9.25, 4.4375 ],
    "rotation": { "origin": [ 7.5, 9.25, 3.4375 ], "axis": "x", "angle": -22.5 },
    "faces": {
        "down":  { "uv": [ 1.5, 10.5, 1, 10 ], "texture": "#skins" },
        "up":    { "uv": [ 0.5, 10, 1, 10.5 ], "texture": "#skins" },
        "north": { "uv": [ 1.5, 11.25, 2, 12 ], "texture": "#skins" },
        "south": { "uv": [ 0.5, 11.25, 1, 12 ], "texture": "#skins" },
        "west":  { "uv": [ 0, 11.25, 0.5, 12 ], "texture": "#skins" },
        "east":  { "uv": [ 1, 11.25, 1.5, 12 ], "texture": "#skins" }
    }
},
{
    "from": [ 4.0625, 8.5, 4.5 ],
    "to": [ 5.0625, 9.5, 6.5 ],
    "rotation": { "origin": [ 4.0625, 9.5, 4.5 ], "axis": "x", "angle": -22.5 },
    "faces": {
        "down":  { "uv": [ 6, 11.25, 6.5, 12 ], "texture": "#skins" },
        "up":    { "uv": [ 5, 11.25, 5.5, 12 ], "texture": "#skins" },
        "north": { "uv": [ 5.5, 11.25, 6, 12 ], "texture": "#skins" },
        "south": { "uv": [ 6, 11.25, 6.5, 12 ], "texture": "#skins" },
        "west":  { "uv": [ 5.5, 10, 6, 10.5 ], "texture": "#skins" },
        "east":  { "uv": [ 6, 10, 6.5, 10.5 ], "texture": "#skins" }
    }
},
{
    "from": [ 5.1875, 4.375, 4 ],
    "to": [ 5.6875, 6.375, 5 ],
    "rotation": { "origin": [ 5.1875, 6.375, 4 ], "axis": "x", "angle": 22.5 },
    "faces": {
        "down":  { "uv": [ 1, 10.5, 1.5, 10 ], "texture": "#skins" },
        "up":    { "uv": [ 0.5, 10, 1, 10.5 ], "texture": "#skins" },
        "north": { "uv": [ 1.5, 11.25, 2, 12 ], "texture": "#skins" },
        "south": { "uv": [ 0.5, 11.25, 1, 12 ], "texture": "#skins" },
        "west":  { "uv": [ 0, 11.25, 0.5, 12 ], "texture": "#skins" },
        "east":  { "uv": [ 1, 11.25, 1.5, 12 ], "texture": "#skins" }
    }
},
{
    "from": [ 6.375, 4.375, 4 ],
    "to": [ 6.875, 6.375, 5 ],
    "rotation": { "origin": [ 6.375, 6.375, 4 ], "axis": "x", "angle": 22.5 },
    "faces": {
        "down":  { "uv": [ 1, 10.5, 1.5, 10 ], "texture": "#skins" },
        "up":    { "uv": [ 0.5, 10, 1, 10.5 ], "texture": "#skins" },
        "north": { "uv": [ 1.5, 11.25, 2, 12 ], "texture": "#skins" },
        "south": { "uv": [ 0.5, 11.25, 1, 12 ], "texture": "#skins" },
        "west":  { "uv": [ 0, 11.25, 0.5, 12 ], "texture": "#skins" },
        "east":  { "uv": [ 1, 11.25, 1.5, 12 ], "texture": "#skins" }
    }
},
{
    "from": [ 6, 4, 4 ],
    "to": [ 7, 4.625, 6 ],
    "rotation": { "origin": [ 6, 4, 4 ], "axis": "y", "angle": 22.5 },
    "faces": {
        "up":    { "uv": [ 0.75, 12, 1.25, 12.75 ], "texture": "#skins" },
        "north": { "uv": [ 1.75, 12.75, 2.375, 13 ], "texture": "#skins" },
        "south": { "uv": [ 0.75, 12.75, 1.25, 13 ], "texture": "#skins" },
        "west":  { "uv": [ 0, 12.75, 0.75, 13 ], "texture": "#skins" },
        "east":  { "uv": [ 1.75, 12.75, 1.375, 13 ], "texture": "#skins" }
    }
},
{
    "from": [ 5.375, 13.1212, 3 ],
    "to": [ 5.875, 15.1212, 3.5 ],
    "rotation": { "origin": [ 5.375, 15.1212, 3 ], "axis": "x", "angle": -22.5 },
    "faces": {
        "down":  { "uv": [ 0.25, 8.25, 0.5, 8 ], "texture": "#skins" },
        "up":    { "uv": [ 0.25, 8, 0.5, 8.25 ], "texture": "#skins" },
        "north": { "uv": [ 0, 8, 0.25, 9 ], "texture": "#skins" },
        "south": { "uv": [ 0, 8, 0.25, 9 ], "texture": "#skins" },
        "west":  { "uv": [ 0, 8, 0.25, 9 ], "texture": "#skins" },
        "east":  { "uv": [ 0, 8, 0.25, 9 ], "texture": "#skins" }
    }
},
{
    "from": [ 6.1875, 13.1837, 3.0625 ],
    "to": [ 6.6875, 15.1837, 3.5625 ],
    "rotation": { "origin": [ 6.1875, 15.1837, 3.0625 ], "axis": "x", "angle": -22.5 },
    "faces": {
        "down":  { "uv": [ 0.25, 8.25, 0.5, 8 ], "texture": "#skins" },
        "up":    { "uv": [ 0.25, 8, 0.5, 8.25 ], "texture": "#skins" },
        "north": { "uv": [ 0, 8, 0.25, 9 ], "texture": "#skins" },
        "south": { "uv": [ 0, 8, 0.25, 9 ], "texture": "#skins" },
        "west":  { "uv": [ 0, 8, 0.25, 9 ], "texture": "#skins" },
        "east":  { "uv": [ 0, 8, 0.25, 9 ], "texture": "#skins" }
    }
},
{
    "from": [ 9.5, 0, 12.5 ],
    "to": [ 10.5, 3, 13.5 ],
    "faces": {
        "down":  { "uv": [ 1.5, 2.5, 1, 2 ], "texture": "#skins" },
        "up":    { "uv": [ 0.5, 2, 1, 2.5 ], "texture": "#skins" },
        "north": { "uv": [ 0, 2.5, 0.5, 4 ], "texture": "#skins" },
        "south": { "uv": [ 1, 2.5, 1.5, 4 ], "texture": "#skins" },
        "west":  { "uv": [ 0.5, 2.5, 1, 4 ], "texture": "#skins" },
        "east":  { "uv": [ 1.5, 2.5, 2, 4 ], "texture": "#skins" }
    }
},
{
    "from": [ 9.5, 2, 13.5 ],
    "to": [ 10.5, 3.5, 14.5 ],
    "rotation": { "origin": [ 9.5, 3.5, 13.5 ], "axis": "z", "angle": -22.5 },
    "faces": {
        "down":  { "uv": [ 0.5, 2.5, 1, 2 ], "texture": "#skins" },
        "up":    { "uv": [ 1, 2, 0.5, 2.5 ], "texture": "#skins" },
        "north": { "uv": [ 1.5, 2.5, 1, 3.25 ], "texture": "#skins" },
        "south": { "uv": [ 0.5, 2.5, 0, 3.25 ], "texture": "#skins" },
        "west":  { "uv": [ 1, 2.5, 0.5, 3.25 ], "texture": "#skins" },
        "east":  { "uv": [ 2, 2.5, 1.5, 3.25 ], "texture": "#skins" }
    }
},
{
    "from": [ 8.9375, 0.25, 13.5625 ],
    "to": [ 9.9375, 1.75, 14.5625 ],
    "rotation": { "origin": [ 8.9375, 1.75, 13.5625 ], "axis": "z", "angle": 45 },
    "faces": {
        "down":  { "uv": [ 1, 2.5, 1.5, 2 ], "texture": "#skins" },
        "up":    { "uv": [ 1, 2, 0.5, 2.5 ], "texture": "#skins" },
        "north": { "uv": [ 1.5, 3.25, 1, 4 ], "texture": "#skins" },
        "south": { "uv": [ 0.5, 3.25, 0, 4 ], "texture": "#skins" },
        "west":  { "uv": [ 1, 3.25, 0.5, 4 ], "texture": "#skins" },
        "east":  { "uv": [ 2, 3.25, 1.5, 4 ], "texture": "#skins" }
    }
},
{
    "from": [ 10.5, 3, 12.5 ],
    "to": [ 11.5, 6, 14.5 ],
    "rotation": { "origin": [ 10.5, 6, 12.5 ], "axis": "z", "angle": -22.5 },
    "faces": {
        "down":  { "uv": [ 4.5, 2.5, 3.5, 2 ], "texture": "#skins" },
        "up":    { "uv": [ 2.5, 2, 3.5, 2.5 ], "texture": "#skins" },
        "north": { "uv": [ 2, 2.5, 2.5, 4 ], "texture": "#skins" },
        "south": { "uv": [ 3.5, 2.5, 4, 4 ], "texture": "#skins" },
        "west":  { "uv": [ 2.5, 2.5, 3.5, 4 ], "texture": "#skins" },
        "east":  { "uv": [ 4, 2.5, 5, 4 ], "texture": "#skins" }
    }
},
{
    "from": [ 10.6875, 6.0625, 12.5 ],
    "to": [ 12.6875, 8.0625, 14.5 ],
    "rotation": { "origin": [ 10.6875, 8.0625, 12.5 ], "axis": "z", "angle": -22.5 },
    "faces": {
        "down":  { "uv": [ 3, 1, 2, 0 ], "texture": "#skins" },
        "up":    { "uv": [ 1, 0, 2, 1 ], "texture": "#skins" },
        "north": { "uv": [ 0, 1, 1, 2 ], "texture": "#skins" },
        "south": { "uv": [ 2, 1, 3, 2 ], "texture": "#skins" },
        "west":  { "uv": [ 1, 1, 2, 2 ], "texture": "#skins" },
        "east":  { "uv": [ 3, 1, 4, 2 ], "texture": "#skins" }
    }
},
{
    "from": [ 8.5, 4, 11.5 ],
    "to": [ 9.5, 6.5, 12.5 ],
    "rotation": { "origin": [ 8.5, 6.5, 11.5 ], "axis": "z", "angle": 45 },
    "faces": {
        "down":  { "uv": [ 6, 2, 5.5, 2.5 ], "rotation": 90, "texture": "#skins" },
        "up":    { "uv": [ 6, 2.5, 6.5, 2 ], "texture": "#skins" },
        "north": { "uv": [ 5, 4, 5.5, 2.5 ], "texture": "#skins" },
        "south": { "uv": [ 6, 4, 6.5, 2.5 ], "texture": "#skins" },
        "west":  { "uv": [ 5.5, 4, 6, 2.5 ], "texture": "#skins" },
        "east":  { "uv": [ 6.5, 4, 7, 2.5 ], "texture": "#skins" }
    }
},
{
    "from": [ 10, 3.75, 14.5 ],
    "to": [ 11, 5.25, 15.5 ],
    "rotation": { "origin": [ 10, 5.25, 14.5 ], "axis": "z", "angle": 45 },
    "faces": {
        "down":  { "uv": [ 6, 2.5, 5.5, 2 ], "rotation": 90, "texture": "#skins" },
        "up":    { "uv": [ 5.5, 2, 6, 2.5 ], "rotation": 90, "texture": "#skins" },
        "north": { "uv": [ 6, 2.5, 6.5, 3.25 ], "texture": "#skins" },
        "south": { "uv": [ 5, 2.5, 5.5, 3.25 ], "texture": "#skins" },
        "west":  { "uv": [ 6.5, 2.5, 7, 3.25 ], "texture": "#skins" },
        "east":  { "uv": [ 5.5, 2.5, 6, 3.25 ], "texture": "#skins" }
    }
},
{
    "from": [ 10, 3.5, 14.5625 ],
    "to": [ 11.5, 4.5, 15.5625 ],
    "rotation": { "origin": [ 10, 4.5, 14.5625 ], "axis": "z", "angle": 22.5 },
    "faces": {
        "down":  { "uv": [ 6, 3.25, 5.5, 4 ], "rotation": 90, "texture": "#skins" },
        "up":    { "uv": [ 6.5, 3.25, 7, 4 ], "rotation": 90, "texture": "#skins" },
        "north": { "uv": [ 6, 3.25, 6.5, 4 ], "rotation": 90, "texture": "#skins" },
        "south": { "uv": [ 5, 3.25, 5.5, 4 ], "rotation": 90, "texture": "#skins" },
        "west":  { "uv": [ 6, 2, 6.5, 2.5 ], "texture": "#skins" },
        "east":  { "uv": [ 5.5, 3, 6, 2.5 ], "texture": "#skins" }
    }
},
{
    "from": [ 5.5, 11.5, 5 ],
    "to": [ 6.5, 12, 6 ],
    "rotation": { "origin": [ 5.5, 12, 5 ], "axis": "x", "angle": 22.5 },
    "faces": {
        "down":  { "uv": [ 4.75, 9, 4, 8 ], "texture": "#skins" },
        "up":    { "uv": [ 5.5, 8, 6.25, 9 ], "texture": "#skins" },
        "south": { "uv": [ 6.25, 9, 7, 9.25 ], "texture": "#skins" },
        "west":  { "uv": [ 5.25, 9, 6.25, 9.25 ], "texture": "#skins" },
        "east":  { "uv": [ 6.25, 9, 5.25, 9.25 ], "texture": "#skins" }
    }
},
{
    "from": [ 5, 4, 3.5 ],
    "to": [ 6, 4.625, 5.5 ],
    "rotation": { "origin": [ 5, 4, 3.5 ], "axis": "y", "angle": -22.5 },
    "faces": {
        "up":    { "uv": [ 0.75, 12, 1.25, 12.75 ], "texture": "#skins" },
        "north": { "uv": [ 1.75, 12.75, 2.375, 13 ], "texture": "#skins" },
        "south": { "uv": [ 0.75, 12.75, 1.25, 13 ], "texture": "#skins" },
        "west":  { "uv": [ 0, 12.75, 0.75, 13 ], "texture": "#skins" },
        "east":  { "uv": [ 1.75, 12.75, 1.375, 13 ], "texture": "#skins" }
    }
},
{
    "from": [ 2, 1, 8.5 ],
    "to": [ 3, 2, 11.5 ],
    "faces": {
        "down":  { "uv": [ 14.5, 8, 15, 6.5 ], "texture": "#skins" },
        "up":    { "uv": [ 14, 6.5, 13.5, 8 ], "texture": "#skins" },
        "north": { "uv": [ 13.5, 6, 14, 6.5 ], "rotation": 180, "texture": "#skins" },
        "south": { "uv": [ 14.5, 6, 14, 6.5 ], "rotation": 180, "texture": "#skins" },
        "west":  { "uv": [ 14.5, 6.5, 14, 8 ], "rotation": 270, "texture": "#skins" },
        "east":  { "uv": [ 13.5, 6.5, 13, 8 ], "rotation": 90, "texture": "#skins" }
    }
},
{
    "from": [ 5, 0, 8.5 ],
    "to": [ 6, 2, 9.5 ],
    "faces": {
        "down":  { "uv": [ 14, 7, 14.5, 7.5 ], "texture": "#skins" },
        "up":    { "uv": [ 14, 6, 13.5, 6.5 ], "texture": "#skins" },
        "north": { "uv": [ 14.5, 6.5, 15, 7.5 ], "texture": "#skins" },
        "south": { "uv": [ 13.5, 6.5, 14, 7.5 ], "texture": "#skins" },
        "west":  { "uv": [ 13, 6.5, 13.5, 7.5 ], "texture": "#skins" },
        "east":  { "uv": [ 14, 6.5, 14.5, 7.5 ], "texture": "#skins" }
    }
},
{
    "from": [ 5, 0, 9.5 ],
    "to": [ 6, 1, 10.5 ],
    "faces": {
        "down":  { "uv": [ 14.5, 7.5, 15, 8 ], "rotation": 180, "texture": "#skins" },
        "up":    { "uv": [ 14, 7.5, 13.5, 8 ], "texture": "#skins" },
        "south": { "uv": [ 14, 6, 14.5, 6.5 ], "rotation": 180, "texture": "#skins" },
        "west":  { "uv": [ 14.5, 7.5, 14, 8 ], "rotation": 270, "texture": "#skins" },
        "east":  { "uv": [ 13.5, 7.5, 13, 8 ], "rotation": 90, "texture": "#skins" }
    }
},
{
    "from": [ 6, 4, 8.0625 ],
    "to": [ 8, 6, 10.0625 ],
    "rotation": { "origin": [ 6, 6, 8.0625 ], "axis": "z", "angle": 22.5 },
    "faces": {
        "down":  { "uv": [ 2, 4, 3, 5 ], "rotation": 90, "texture": "#skins" },
        "up":    { "uv": [ 1, 4, 2, 5 ], "rotation": 90, "texture": "#skins" },
        "north": { "uv": [ 0, 5, 1, 6 ], "texture": "#skins" },
        "south": { "uv": [ 2, 5, 3, 6 ], "texture": "#skins" },
        "west":  { "uv": [ 1, 5, 2, 6 ], "texture": "#skins" },
        "east":  { "uv": [ 3, 5, 4, 6 ], "texture": "#skins" }
    }
},
{
    "from": [ 7.25, 1.6875, 8 ],
    "to": [ 8.25, 4.6875, 10 ],
    "faces": {
        "down":  { "uv": [ 3.5, 6, 4.5, 6.5 ], "rotation": 90, "texture": "#skins" },
        "up":    { "uv": [ 2.5, 6, 3.5, 6.5 ], "rotation": 90, "texture": "#skins" },
        "north": { "uv": [ 2, 6.5, 2.5, 8 ], "texture": "#skins" },
        "south": { "uv": [ 3.5, 6.5, 4, 8 ], "texture": "#skins" },
        "west":  { "uv": [ 2.5, 6.5, 3.5, 8 ], "texture": "#skins" },
        "east":  { "uv": [ 4, 6.5, 5, 8 ], "texture": "#skins" }
    }
},
{
    "from": [ 7.1875, 0, 9.0625 ],
    "to": [ 8.1875, 2, 10.0625 ],
    "faces": {
        "down":  { "uv": [ 1, 7, 0.5, 7.5 ], "rotation": 270, "texture": "#skins" },
        "up":    { "uv": [ 1, 6, 0.5, 6.5 ], "rotation": 90, "texture": "#skins" },
        "north": { "uv": [ 1, 6.5, 1.5, 7.5 ], "texture": "#skins" },
        "south": { "uv": [ 0, 6.5, 0.5, 7.5 ], "texture": "#skins" },
        "west":  { "uv": [ 1, 6.5, 0.5, 7.5 ], "texture": "#skins" },
        "east":  { "uv": [ 2, 6.5, 1.5, 7.5 ], "texture": "#skins" }
    }
},
{
    "from": [ 8.1875, 0, 9.0625 ],
    "to": [ 9.1875, 1, 10.0625 ],
    "faces": {
        "down":  { "uv": [ 0.5, 7.5, 1, 8 ], "rotation": 270, "texture": "#skins" },
        "up":    { "uv": [ 1.5, 7.5, 2, 8 ], "rotation": 270, "texture": "#skins" },
        "north": { "uv": [ 0, 7.5, 0.5, 8 ], "rotation": 90, "texture": "#skins" },
        "south": { "uv": [ 1, 7.5, 1.5, 8 ], "rotation": 270, "texture": "#skins" },
        "east":  { "uv": [ 1, 6, 1.5, 6.5 ], "texture": "#skins" }
    }
},
{
    "from": [ 6, 1, 7.9375 ],
    "to": [ 8, 2, 8.9375 ],
    "faces": {
        "down":  { "uv": [ 2, 6.5, 1.5, 7.5 ], "rotation": 90, "texture": "#skins" },
        "up":    { "uv": [ 1, 6.5, 0.5, 7.5 ], "rotation": 90, "texture": "#skins" },
        "north": { "uv": [ 0, 6.5, 0.5, 7.5 ], "rotation": 90, "texture": "#skins" },
        "south": { "uv": [ 1, 6.5, 1.5, 7.5 ], "rotation": 90, "texture": "#skins" },
        "west":  { "uv": [ 0.5, 7, 1, 7.5 ], "texture": "#skins" },
        "east":  { "uv": [ 0.5, 6, 1, 6.5 ], "rotation": 180, "texture": "#skins" }
    }
},
{
    "from": [ 6, 0, 7.9375 ],
    "to": [ 7, 1, 8.9375 ],
    "faces": {
        "down":  { "uv": [ 1, 6, 1.5, 6.5 ], "rotation": 180, "texture": "#skins" },
        "north": { "uv": [ 0, 7.5, 0.5, 8 ], "texture": "#skins" },
        "south": { "uv": [ 1, 7.5, 1.5, 8 ], "texture": "#skins" },
        "west":  { "uv": [ 0.5, 7.5, 1, 8 ], "texture": "#skins" },
        "east":  { "uv": [ 1.5, 7.5, 2, 8 ], "texture": "#skins" }
    }
},
{
    "from": [ 7.125, 1.5, 10 ],
    "to": [ 8.125, 4.5, 11 ],
    "rotation": { "origin": [ 7.125, 4.5, 10 ], "axis": "z", "angle": 22.5 },
    "faces": {
        "down":  { "uv": [ 6, 6, 6.5, 6.5 ], "rotation": 90, "texture": "#skins" },
        "up":    { "uv": [ 5.5, 6, 6, 6.5 ], "rotation": 90, "texture": "#skins" },
        "north": { "uv": [ 6.5, 6.5, 6, 8 ], "texture": "#skins" },
        "south": { "uv": [ 5.5, 6.5, 5, 8 ], "texture": "#skins" },
        "west":  { "uv": [ 6, 6.5, 5.5, 8 ], "texture": "#skins" },
        "east":  { "uv": [ 7, 6.5, 6.5, 8 ], "texture": "#skins" }
    }
},
{
    "from": [ 7.3125, 1.625, 7 ],
    "to": [ 8.3125, 4.625, 8 ],
    "rotation": { "origin": [ 7.3125, 4.625, 7 ], "axis": "z", "angle": -45 },
    "faces": {
        "down":  { "uv": [ 6.5, 6, 6, 6.5 ], "rotation": 90, "texture": "#skins" },
        "up":    { "uv": [ 6, 6, 5.5, 6.5 ], "rotation": 90, "texture": "#skins" },
        "north": { "uv": [ 5, 6.5, 5.5, 8 ], "texture": "#skins" },
        "south": { "uv": [ 6, 6.5, 6.5, 8 ], "texture": "#skins" },
        "west":  { "uv": [ 5.5, 6.5, 6, 8 ], "texture": "#skins" },
        "east":  { "uv": [ 6.5, 6.5, 7, 8 ], "texture": "#skins" }
    }
},
{
    "from": [ 2.5, 1.75, 11 ],
    "to": [ 4.25, 4, 11.25 ],
    "faces": {
        "down":  { "uv": [ 10.5, 9, 10, 8.75 ], "texture": "#xbdc_tech_misc" },
        "up":    { "uv": [ 10, 2, 10.5, 2.25 ], "texture": "#xbdc_tech_misc" },
        "north": { "uv": [ 10, 2, 16, 9 ], "texture": "#xbdc_tech_misc" },
        "south": { "uv": [ 10, 9, 16, 16 ], "texture": "#xbdc_tech_misc" },
        "west":  { "uv": [ 15.75, 2, 16, 2.5 ], "texture": "#xbdc_tech_misc" },
        "east":  { "uv": [ 10, 2, 10.25, 2.5 ], "texture": "#xbdc_tech_misc" }
    }
}
]
}