{
"__comment": "Designed by Sphax with BDcraft Cubik PRO 0.85 Beta - http://bdcraft.net",
"textures": {
    "texture": "blocks/xbdc_cubes"
},
"elements": [ 
{
    "__comment": "Cube Red",
    "from": [ 4.875, 0, 3 ],
    "to": [ 8.875, 4, 7 ],
    "rotation": { "origin": [ 4.875, 0, 3 ], "axis": "y", "angle": 22.5 },
    "faces": {
        "down":  { "uv": [ 0, 0, 5, 5 ], "texture": "#texture" },
        "up":    { "uv": [ 0, 0, 5, 5 ], "texture": "#texture" },
        "north": { "uv": [ 0, 0, 5, 5 ], "texture": "#texture" },
        "south": { "uv": [ 0, 0, 5, 5 ], "texture": "#texture" },
        "west":  { "uv": [ 0, 0, 5, 5 ], "texture": "#texture" },
        "east":  { "uv": [ 0, 0, 5, 5 ], "texture": "#texture" }
    }
},
{
    "__comment": "Cube* Lime",
    "from": [ 4, 8, 0.1875 ],
    "to": [ 8, 12, 4.1875 ],
    "rotation": { "origin": [ 4, 8, 0.1875 ], "axis": "y", "angle": -45 },
    "faces": {
        "down":  { "uv": [ 5, 0, 10, 5 ], "texture": "#texture" },
        "up":    { "uv": [ 5, 0, 10, 5 ], "texture": "#texture" },
        "north": { "uv": [ 5, 0, 10, 5 ], "texture": "#texture" },
        "south": { "uv": [ 5, 0, 10, 5 ], "texture": "#texture" },
        "west":  { "uv": [ 5, 0, 10, 5 ], "texture": "#texture" },
        "east":  { "uv": [ 5, 0, 10, 5 ], "texture": "#texture" }
    }
},
{
    "__comment": "Cube* Aqua",
    "from": [ 3, 4, 1.5 ],
    "to": [ 7, 8, 5.5 ],
    "faces": {
        "down":  { "uv": [ 10, 0, 15, 5 ], "texture": "#texture" },
        "up":    { "uv": [ 10, 0, 15, 5 ], "texture": "#texture" },
        "north": { "uv": [ 10, 0, 15, 5 ], "texture": "#texture" },
        "south": { "uv": [ 10, 0, 15, 5 ], "texture": "#texture" },
        "west":  { "uv": [ 10, 0, 15, 5 ], "texture": "#texture" },
        "east":  { "uv": [ 10, 0, 15, 5 ], "texture": "#texture" }
    }
},
{
    "__comment": "Cube* Blue",
    "from": [ 0.5, 0, 0.5 ],
    "to": [ 4.5, 4, 4.5 ],
    "faces": {
        "down":  { "uv": [ 0, 5, 5, 10 ], "texture": "#texture" },
        "up":    { "uv": [ 0, 5, 5, 10 ], "texture": "#texture" },
        "north": { "uv": [ 0, 5, 5, 10 ], "texture": "#texture" },
        "south": { "uv": [ 0, 5, 5, 10 ], "texture": "#texture" },
        "west":  { "uv": [ 0, 5, 5, 10 ], "texture": "#texture" },
        "east":  { "uv": [ 0, 5, 5, 10 ], "texture": "#texture" }
    }
},
{
    "__comment": "Cube* Fuchsia",
    "from": [ 4, 12, 1.375 ],
    "to": [ 8, 16, 5.375 ],
    "rotation": { "origin": [ 4, 12, 1.375 ], "axis": "y", "angle": -22.5 },
    "faces": {
        "down":  { "uv": [ 0, 10, 5, 15 ], "texture": "#texture" },
        "up":    { "uv": [ 0, 10, 5, 15 ], "texture": "#texture" },
        "north": { "uv": [ 0, 10, 5, 15 ], "texture": "#texture" },
        "south": { "uv": [ 0, 10, 5, 15 ], "texture": "#texture" },
        "west":  { "uv": [ 0, 10, 5, 15 ], "texture": "#texture" },
        "east":  { "uv": [ 0, 10, 5, 15 ], "texture": "#texture" }
    }
},
{
    "__comment": "rubikcube",
    "from": [ 11.875, 0, 7.375 ],
    "to": [ 15.875, 4, 11.375 ],
    "rotation": { "origin": [ 11.875, 0, 7.375 ], "axis": "y", "angle": -22.5 },
    "faces": {
        "down":  { "uv": [ 5, 5, 12, 12 ], "texture": "#texture" },
        "up":    { "uv": [ 5, 5, 12, 12 ], "texture": "#texture" },
        "north": { "uv": [ 5, 5, 12, 12 ], "texture": "#texture" },
        "south": { "uv": [ 5, 5, 12, 12 ], "texture": "#texture" },
        "west":  { "uv": [ 5, 5, 12, 12 ], "texture": "#texture" },
        "east":  { "uv": [ 5, 5, 12, 12 ], "texture": "#texture" }
    }
}
]
}