{
"__comment": "Designed by - with BDcraft Cubik PRO 0.85 Beta - http://bdcraft.net",
"textures": {
    "particle": "blocks/glass_lime",
    "texture": "blocks/xbdc_misc1"
},
"elements": [ 
{
    "__comment": "ball",
    "from": [ 1, 0, 14.5 ],
    "to": [ 4, 3, 17.5 ],
    "faces": {
        "down":  { "uv": [ 8, 0, 12, 4 ], "texture": "#texture" },
        "up":    { "uv": [ 8, 0, 12, 4 ], "texture": "#texture" },
        "north": { "uv": [ 8, 0, 12, 4 ], "texture": "#texture" },
        "south": { "uv": [ 8, 0, 12, 4 ], "texture": "#texture" },
        "west":  { "uv": [ 8, 0, 12, 4 ], "texture": "#texture" },
        "east":  { "uv": [ 8, 0, 12, 4 ], "texture": "#texture" }
    }
},
{
    "__comment": "attach",
    "from": [ 2, 3, 15.5 ],
    "to": [ 3, 4, 16.5 ],
    "faces": {
        "up":    { "uv": [ 4, 4, 6, 6 ], "texture": "#texture" },
        "north": { "uv": [ 4, 6, 8, 8 ], "texture": "#texture" },
        "south": { "uv": [ 4, 6, 8, 8 ], "texture": "#texture" },
        "west":  { "uv": [ 4, 6, 8, 8 ], "texture": "#texture" },
        "east":  { "uv": [ 4, 6, 8, 8 ], "texture": "#texture" }
    }
}
]
}