{
"__comment": "Designed by Sphax with BDcraft Cubik PRO 0.85 Beta - http://bdcraft.net",
"textures": {
    "particle": "blocks/xbdc_furniture",
    "texture": "blocks/xbdc_furniture"
},
"elements": [ 
{
    "from": [ 2, 6, 2 ],
    "to": [ 14, 8, 15 ],
    "faces": {
        "down":  { "uv": [ 0, 0, 14, 14 ], "texture": "#texture" },
        "up":    { "uv": [ 0, 0, 14, 14 ], "texture": "#texture" },
        "north": { "uv": [ 14, 14, 16, 0 ], "rotation": 90, "texture": "#texture" },
        "south": { "uv": [ 14, 14, 16, 0 ], "rotation": 90, "texture": "#texture" },
        "west":  { "uv": [ 14, 14, 16, 0 ], "rotation": 90, "texture": "#texture" },
        "east":  { "uv": [ 14, 14, 16, 0 ], "rotation": 90, "texture": "#texture" }
    }
},
{
    "from": [ 3, 0, 3 ],
    "to": [ 5, 6, 5 ],
    "faces": {
        "down":  { "uv": [ 8, 14, 10, 16 ], "texture": "#texture" },
        "north": { "uv": [ 14, 7.5, 16, 14 ], "texture": "#texture" },
        "south": { "uv": [ 14, 7.5, 16, 14 ], "texture": "#texture" },
        "west":  { "uv": [ 14, 7.5, 16, 14 ], "texture": "#texture" },
        "east":  { "uv": [ 14, 7.5, 16, 14 ], "texture": "#texture" }
    }
},
{
    "from": [ 11, 0, 3 ],
    "to": [ 13, 6, 5 ],
    "faces": {
        "down":  { "uv": [ 8, 14, 10, 16 ], "texture": "#texture" },
        "north": { "uv": [ 14, 7.5, 16, 14 ], "texture": "#texture" },
        "south": { "uv": [ 14, 7.5, 16, 14 ], "texture": "#texture" },
        "west":  { "uv": [ 14, 7.5, 16, 14 ], "texture": "#texture" },
        "east":  { "uv": [ 14, 7.5, 16, 14 ], "texture": "#texture" }
    }
},
{
    "from": [ 11, 0, 12 ],
    "to": [ 13, 6, 14 ],
    "faces": {
        "down":  { "uv": [ 8, 14, 10, 16 ], "texture": "#texture" },
        "north": { "uv": [ 14, 7.5, 16, 14 ], "texture": "#texture" },
        "south": { "uv": [ 14, 7.5, 16, 14 ], "texture": "#texture" },
        "west":  { "uv": [ 14, 7.5, 16, 14 ], "texture": "#texture" },
        "east":  { "uv": [ 14, 7.5, 16, 14 ], "texture": "#texture" }
    }
},
{
    "from": [ 3, 0, 12 ],
    "to": [ 5, 6, 14 ],
    "faces": {
        "down":  { "uv": [ 8, 14, 10, 16 ], "texture": "#texture" },
        "north": { "uv": [ 14, 7.5, 16, 14 ], "texture": "#texture" },
        "south": { "uv": [ 14, 7.5, 16, 14 ], "texture": "#texture" },
        "west":  { "uv": [ 14, 7.5, 16, 14 ], "texture": "#texture" },
        "east":  { "uv": [ 14, 7.5, 16, 14 ], "texture": "#texture" }
    }
},
{
    "from": [ 3, 8, 3 ],
    "to": [ 5, 22, 5 ],
    "faces": {
        "up":    { "uv": [ 8, 14, 10, 16 ], "texture": "#texture" },
        "north": { "uv": [ 14, 0, 16, 14 ], "texture": "#texture" },
        "south": { "uv": [ 14, 0, 16, 14 ], "texture": "#texture" },
        "west":  { "uv": [ 14, 0, 16, 14 ], "texture": "#texture" },
        "east":  { "uv": [ 14, 0, 16, 14 ], "texture": "#texture" }
    }
},
{
    "from": [ 11, 8, 3 ],
    "to": [ 13, 22, 5 ],
    "faces": {
        "up":    { "uv": [ 8, 14, 10, 16 ], "texture": "#texture" },
        "north": { "uv": [ 14, 0, 16, 14 ], "texture": "#texture" },
        "south": { "uv": [ 14, 0, 16, 14 ], "texture": "#texture" },
        "west":  { "uv": [ 14, 0, 16, 14 ], "texture": "#texture" },
        "east":  { "uv": [ 14, 0, 16, 14 ], "texture": "#texture" }
    }
},
{
    "from": [ 5, 13, 3.5 ],
    "to": [ 11, 14.5, 4.5 ],
    "faces": {
        "down":  { "uv": [ 0, 15, 8, 16 ], "texture": "#texture" },
        "up":    { "uv": [ 0, 14, 8, 15 ], "texture": "#texture" },
        "north": { "uv": [ 0, 14, 8, 16 ], "texture": "#texture" },
        "south": { "uv": [ 0, 14, 8, 16 ], "texture": "#texture" }
    }
},
{
    "from": [ 5, 19.5, 3.5 ],
    "to": [ 11, 21, 4.5 ],
    "faces": {
        "down":  { "uv": [ 0, 15, 8, 16 ], "texture": "#texture" },
        "up":    { "uv": [ 0, 14, 8, 15 ], "texture": "#texture" },
        "north": { "uv": [ 0, 14, 8, 16 ], "texture": "#texture" },
        "south": { "uv": [ 0, 14, 8, 16 ], "texture": "#texture" }
    }
},
{
    "from": [ 3, 8, 5 ],
    "to": [ 13, 8.5, 14 ],
    "faces": {
        "up":    { "uv": [ 10, 14, 12, 16 ], "texture": "#texture" },
        "north": { "uv": [ 12, 15.5, 14, 16 ], "texture": "#texture" },
        "south": { "uv": [ 12, 15.5, 14, 16 ], "texture": "#texture" },
        "west":  { "uv": [ 12, 15.5, 14, 16 ], "texture": "#texture" },
        "east":  { "uv": [ 12, 15.5, 14, 16 ], "texture": "#texture" }
    }
}
]
}