{
"__comment": "Designed by Sphax with BDcraft Cubik PRO 0.85 Beta - http://bdcraft.net",
"textures": {
    "particle": "#side",
    "side": "#side",
    "up": "#top",
    "down": "#bottom",
    "inner": "#inner"
},
"elements": [ 
{
    "from": [ 2, 10, 14 ],
    "to": [ 14, 14, 16 ],
    "faces": {
        "up":    { "uv": [ 2, 14, 14, 16 ], "texture": "#inner" },
        "north": { "uv": [ 14, 15.5, 2, 16 ], "texture": "#side" },
        "south": { "uv": [ 2, 6, 14, 6.5 ], "texture": "#side" },
        "west":  { "uv": [ 14, 6, 16, 6.5 ], "texture": "#side" },
        "east":  { "uv": [ 0, 6, 2, 6.5 ], "texture": "#side" }
    }
},
{
    "from": [ 14, 10, 0 ],
    "to": [ 16, 14, 16 ],
    "faces": {
        "up":    { "uv": [ 14, 0, 16, 16 ], "texture": "#inner" },
        "north": { "uv": [ 0, 6, 2, 6.5 ], "texture": "#side" },
        "south": { "uv": [ 14, 6, 16, 6.5 ], "texture": "#side" },
        "west":  { "uv": [ 0, 15.5, 16, 16 ], "texture": "#side" },
        "east":  { "uv": [ 0, 6, 16, 6.5 ], "texture": "#side" }
    }
},
{
    "from": [ 2, 10, 0 ],
    "to": [ 14, 14, 2 ],
    "faces": {
        "up":    { "uv": [ 2, 0, 14, 2 ], "texture": "#inner" },
        "north": { "uv": [ 2, 6, 14, 6.5 ], "texture": "#side" },
        "south": { "uv": [ 2, 15.5, 14, 16 ], "texture": "#side" },
        "west":  { "uv": [ 0, 6, 2, 6.5 ], "texture": "#side" },
        "east":  { "uv": [ 14, 6, 16, 6.5 ], "texture": "#side" }
    }
},
{
    "from": [ 0, 10, 0 ],
    "to": [ 2, 14, 16 ],
    "faces": {
        "up":    { "uv": [ 0, 0, 2, 16 ], "texture": "#inner" },
        "north": { "uv": [ 14, 6, 16, 6.5 ], "texture": "#side" },
        "south": { "uv": [ 0, 6, 2, 6.5 ], "texture": "#side" },
        "west":  { "uv": [ 0, 6, 16, 6.5 ], "texture": "#side" },
        "east":  { "uv": [ 16, 15.5, 0, 16 ], "texture": "#side" }
    }
},
{
    "from": [ 0, 0, 0 ],
    "to": [ 16, 10, 16 ],
    "faces": {
        "down":  { "uv": [ 0, 16, 16, 0 ], "texture": "#down" },
        "up":    { "uv": [ 0, 0, 16, 16 ], "texture": "#inner" },
        "north": { "uv": [ 0, 6, 16, 16 ], "texture": "#side" },
        "south": { "uv": [ 0, 6, 16, 16 ], "texture": "#side" },
        "west":  { "uv": [ 0, 6, 16, 16 ], "texture": "#side" },
        "east":  { "uv": [ 0, 6, 16, 16 ], "texture": "#side" }
    }
}
]
}